Datetime,VHM0,VMDR,VTPK,CardinalDirection
2022-01-01 00:00:00,,82.1,,E
2022-01-01 03:00:00,,82.85,,E
2022-01-01 06:00:00,,83.060005,,E
2022-01-01 09:00:00,,81.72,,E
2022-01-01 12:00:00,,80.020004,,E
2022-01-01 15:00:00,,80.71,,E
2022-01-01 18:00:00,,83.41,,E
2022-01-01 21:00:00,,85.83,,E
2022-01-02 00:00:00,,85.6,,E
2022-01-02 03:00:00,,86.19,,E
2022-01-02 06:00:00,,87.35,,E
2022-01-02 09:00:00,,88.270004,,E
2022-01-02 12:00:00,,90.020004,,E
2022-01-02 15:00:00,,90.39,,E
2022-01-02 18:00:00,,89.020004,,E
2022-01-02 21:00:00,,87.82,,E
2022-01-03 00:00:00,,86.72,,E
2022-01-03 03:00:00,,86.590004,,E
2022-01-03 06:00:00,,88.21,,E
2022-01-03 09:00:00,,88.670006,,E
2022-01-03 12:00:00,,87.200005,,E
2022-01-03 15:00:00,,84.93,,E
2022-01-03 18:00:00,,83.98,,E
2022-01-03 21:00:00,,82.170006,,E
2022-01-04 00:00:00,,78.91,,E
2022-01-04 03:00:00,,78.170006,,E
2022-01-04 06:00:00,,80.090004,,E
2022-01-04 09:00:00,,81.72,,E
2022-01-04 12:00:00,,82.630005,,E
2022-01-04 15:00:00,,81.670006,,E
2022-01-04 18:00:00,,78.79,,E
2022-01-04 21:00:00,,77.53,,E
2022-01-05 00:00:00,,76.86,,E
2022-01-05 03:00:00,,75.12,,E
2022-01-05 06:00:00,,73.04,,E
2022-01-05 09:00:00,,70.46,,E
2022-01-05 12:00:00,,67.66,,E
2022-01-05 15:00:00,,65.700005,,NE
2022-01-05 18:00:00,,65.54,,NE
2022-01-05 21:00:00,,64.36,,NE
2022-01-06 00:00:00,,61.490005,,NE
2022-01-06 03:00:00,,60.770004,,NE
2022-01-06 06:00:00,,59.72,,NE
2022-01-06 09:00:00,,58.96,,NE
2022-01-06 12:00:00,,58.940002,,NE
2022-01-06 15:00:00,,57.660004,,NE
2022-01-06 18:00:00,,57.090004,,NE
2022-01-06 21:00:00,,57.71,,NE
2022-01-07 00:00:00,,58.350006,,NE
2022-01-07 03:00:00,,58.550003,,NE
2022-01-07 06:00:00,,59.520004,,NE
2022-01-07 09:00:00,,59.980003,,NE
2022-01-07 12:00:00,,60.46,,NE
2022-01-07 15:00:00,,62.43,,NE
2022-01-07 18:00:00,,66.340004,,NE
2022-01-07 21:00:00,,72.23,,E
2022-01-08 00:00:00,,79.340004,,E
2022-01-08 03:00:00,,87.1,,E
2022-01-08 06:00:00,,98.450005,,E
2022-01-08 09:00:00,,113.01,,SE
2022-01-08 12:00:00,,122.89,,SE
2022-01-08 15:00:00,,127.08,,SE
2022-01-08 18:00:00,,132.06,,SE
2022-01-08 21:00:00,,138.14,,SE
2022-01-09 00:00:00,,147.79001,,SE
2022-01-09 03:00:00,,156.71,,SE
2022-01-09 06:00:00,,159.81,,S
2022-01-09 09:00:00,,161.09,,S
2022-01-09 12:00:00,,158.87,,S
2022-01-09 15:00:00,,159.9,,S
2022-01-09 18:00:00,,161.32,,S
2022-01-09 21:00:00,,162.51,,S
2022-01-10 00:00:00,,162.81,,S
2022-01-10 03:00:00,,162.28,,S
2022-01-10 06:00:00,,158.95,,S
2022-01-10 09:00:00,,154.47,,SE
2022-01-10 12:00:00,,147.05,,SE
2022-01-10 15:00:00,,143.74,,SE
2022-01-10 18:00:00,,118.7,,SE
2022-01-10 21:00:00,,109.51,,E
2022-01-11 00:00:00,,110.91,,E
2022-01-11 03:00:00,,110.73,,E
2022-01-11 06:00:00,,111.51,,E
2022-01-11 09:00:00,,110.32,,E
2022-01-11 12:00:00,,100.16,,E
2022-01-11 15:00:00,,81.21,,E
2022-01-11 18:00:00,,67.450005,,NE
2022-01-11 21:00:00,,65.29,,NE
2022-01-12 00:00:00,,67.36,,NE
2022-01-12 03:00:00,,69.43,,E
2022-01-12 06:00:00,,74.8,,E
2022-01-12 09:00:00,,72.12,,E
2022-01-12 12:00:00,,70.73,,E
2022-01-12 15:00:00,,67.94,,E
2022-01-12 18:00:00,,61.870003,,NE
2022-01-12 21:00:00,,63.660004,,NE
2022-01-13 00:00:00,,67.79,,E
2022-01-13 03:00:00,,71.73,,E
2022-01-13 06:00:00,,78.28,,E
2022-01-13 09:00:00,,86.5,,E
2022-01-13 12:00:00,,92.98,,E
2022-01-13 15:00:00,,94.12,,E
2022-01-13 18:00:00,,89.85,,E
2022-01-13 21:00:00,,94.090004,,E
2022-01-14 00:00:00,,99.12,,E
2022-01-14 03:00:00,,103.57,,E
2022-01-14 06:00:00,,107.28,,E
2022-01-14 09:00:00,,108.78,,E
2022-01-14 12:00:00,,111.630005,,E
2022-01-14 15:00:00,,109.200005,,E
2022-01-14 18:00:00,,113.11,,SE
2022-01-14 21:00:00,,118.84,,SE
2022-01-15 00:00:00,,124.07,,SE
2022-01-15 03:00:00,,121.490005,,SE
2022-01-15 06:00:00,,131.47,,SE
2022-01-15 09:00:00,,148.88,,SE
2022-01-15 12:00:00,,161.3,,S
2022-01-15 15:00:00,,167.67,,S
2022-01-15 18:00:00,,169.7,,S
2022-01-15 21:00:00,,171.47,,S
2022-01-16 00:00:00,,171.99,,S
2022-01-16 03:00:00,,170.86,,S
2022-01-16 06:00:00,,168.59,,S
2022-01-16 09:00:00,,166.42,,S
2022-01-16 12:00:00,,166.08,,S
2022-01-16 15:00:00,,164.85,,S
2022-01-16 18:00:00,,163.37,,S
2022-01-16 21:00:00,,160.8,,S
2022-01-17 00:00:00,,157.8,,S
2022-01-17 03:00:00,,154.8,,SE
2022-01-17 06:00:00,,152.61,,SE
2022-01-17 09:00:00,,152.1,,SE
2022-01-17 12:00:00,,151.38,,SE
2022-01-17 15:00:00,,150.11,,SE
2022-01-17 18:00:00,,144.66,,SE
2022-01-17 21:00:00,,141.93,,SE
2022-01-18 00:00:00,,138.84,,SE
2022-01-18 03:00:00,,134.29001,,SE
2022-01-18 06:00:00,,128.72,,SE
2022-01-18 09:00:00,,123.09,,SE
2022-01-18 12:00:00,,118.0,,SE
2022-01-18 15:00:00,,114.05,,SE
2022-01-18 18:00:00,,110.700005,,E
2022-01-18 21:00:00,,107.87,,E
2022-01-19 00:00:00,,104.520004,,E
2022-01-19 03:00:00,,103.19,,E
2022-01-19 06:00:00,,104.68,,E
2022-01-19 09:00:00,,107.130005,,E
2022-01-19 12:00:00,,109.26,,E
2022-01-19 15:00:00,,111.810005,,E
2022-01-19 18:00:00,,111.72,,E
2022-01-19 21:00:00,,113.04,,SE
2022-01-20 00:00:00,,114.82,,SE
2022-01-20 03:00:00,,116.66,,SE
2022-01-20 06:00:00,,117.53,,SE
2022-01-20 09:00:00,,118.11,,SE
2022-01-20 12:00:00,,119.2,,SE
2022-01-20 15:00:00,,123.979996,,SE
2022-01-20 18:00:00,,123.25,,SE
2022-01-20 21:00:00,,120.55,,SE
2022-01-21 00:00:00,,119.76,,SE
2022-01-21 03:00:00,,119.86,,SE
2022-01-21 06:00:00,,120.21001,,SE
2022-01-21 09:00:00,,122.01,,SE
2022-01-21 12:00:00,,125.84,,SE
2022-01-21 15:00:00,,130.27,,SE
2022-01-21 18:00:00,,134.95,,SE
2022-01-21 21:00:00,,139.34,,SE
2022-01-22 00:00:00,,141.16,,SE
2022-01-22 03:00:00,,141.11,,SE
2022-01-22 06:00:00,,143.74,,SE
2022-01-22 09:00:00,,143.9,,SE
2022-01-22 12:00:00,,146.66,,SE
2022-01-22 15:00:00,,144.39,,SE
2022-01-22 18:00:00,,142.2,,SE
2022-01-22 21:00:00,,141.64,,SE
2022-01-23 00:00:00,,143.09,,SE
2022-01-23 03:00:00,,145.44,,SE
2022-01-23 06:00:00,,147.47,,SE
2022-01-23 09:00:00,,148.23,,SE
2022-01-23 12:00:00,,150.54001,,SE
2022-01-23 15:00:00,,153.67,,SE
2022-01-23 18:00:00,,155.72,,SE
2022-01-23 21:00:00,,156.32,,SE
2022-01-24 00:00:00,,155.9,,SE
2022-01-24 03:00:00,,154.62,,SE
2022-01-24 06:00:00,,154.68,,SE
2022-01-24 09:00:00,,154.69,,SE
2022-01-24 12:00:00,,154.73,,SE
2022-01-24 15:00:00,,153.05,,SE
2022-01-24 18:00:00,,151.76,,SE
2022-01-24 21:00:00,,150.55,,SE
2022-01-25 00:00:00,,148.23,,SE
2022-01-25 03:00:00,,140.81,,SE
2022-01-25 06:00:00,,137.95999,,SE
2022-01-25 09:00:00,,135.26001,,SE
2022-01-25 12:00:00,,136.42,,SE
2022-01-25 15:00:00,,134.69,,SE
2022-01-25 18:00:00,,130.61,,SE
2022-01-25 21:00:00,,122.62,,SE
2022-01-26 00:00:00,,109.090004,,E
2022-01-26 03:00:00,,99.66,,E
2022-01-26 06:00:00,,97.73,,E
2022-01-26 09:00:00,,97.61,,E
2022-01-26 12:00:00,,95.450005,,E
2022-01-26 15:00:00,,95.270004,,E
2022-01-26 18:00:00,,98.25,,E
2022-01-26 21:00:00,,100.020004,,E
2022-01-27 00:00:00,,100.82,,E
2022-01-27 03:00:00,,99.950005,,E
2022-01-27 06:00:00,,99.47,,E
2022-01-27 09:00:00,,98.770004,,E
2022-01-27 12:00:00,,98.48,,E
2022-01-27 15:00:00,,96.51,,E
2022-01-27 18:00:00,,89.55,,E
2022-01-27 21:00:00,,83.240005,,E
2022-01-28 00:00:00,,75.91,,E
2022-01-28 03:00:00,,73.54,,E
2022-01-28 06:00:00,,74.71,,E
2022-01-28 09:00:00,,77.75,,E
2022-01-28 12:00:00,,79.12,,E
2022-01-28 15:00:00,,79.170006,,E
2022-01-28 18:00:00,,74.0,,E
2022-01-28 21:00:00,,73.26,,E
2022-01-29 00:00:00,,73.28,,E
2022-01-29 03:00:00,,75.29,,E
2022-01-29 06:00:00,,77.33,,E
2022-01-29 09:00:00,,80.87,,E
2022-01-29 12:00:00,,84.96,,E
2022-01-29 15:00:00,,85.15,,E
2022-01-29 18:00:00,,77.85,,E
2022-01-29 21:00:00,,76.89,,E
2022-01-30 00:00:00,,78.61,,E
2022-01-30 03:00:00,,83.5,,E
2022-01-30 06:00:00,,88.65,,E
2022-01-30 09:00:00,,96.12,,E
2022-01-30 12:00:00,,102.28,,E
2022-01-30 15:00:00,,104.82,,E
2022-01-30 18:00:00,,96.04,,E
2022-01-30 21:00:00,,93.740005,,E
2022-01-31 00:00:00,,95.82,,E
2022-01-31 03:00:00,,102.060005,,E
2022-01-31 06:00:00,,111.03,,E
2022-01-31 09:00:00,,120.740005,,SE
2022-01-31 12:00:00,,129.13,,SE
2022-01-31 15:00:00,,135.61,,SE
2022-01-31 18:00:00,,135.13,,SE
2022-01-31 21:00:00,,142.87,,SE
2022-02-01 00:00:00,,149.23,,SE
2022-02-01 03:00:00,,152.27,,SE
2022-02-01 06:00:00,,155.64,,SE
2022-02-01 09:00:00,,158.16,,S
2022-02-01 12:00:00,,159.72,,S
2022-02-01 15:00:00,,160.46,,S
2022-02-01 18:00:00,,157.73,,S
2022-02-01 21:00:00,,152.7,,SE
2022-02-02 00:00:00,,146.47,,SE
2022-02-02 03:00:00,,147.81,,SE
2022-02-02 06:00:00,,154.01,,SE
2022-02-02 09:00:00,,156.64,,SE
2022-02-02 12:00:00,,154.79001,,SE
2022-02-02 15:00:00,,154.65,,SE
2022-02-02 18:00:00,,153.12,,SE
2022-02-02 21:00:00,,151.25,,SE
2022-02-03 00:00:00,,150.37,,SE
2022-02-03 03:00:00,,154.07,,SE
2022-02-03 06:00:00,,149.44,,SE
2022-02-03 09:00:00,,145.77,,SE
2022-02-03 12:00:00,,144.11,,SE
2022-02-03 15:00:00,,143.66,,SE
2022-02-03 18:00:00,,141.72,,SE
2022-02-03 21:00:00,,140.01001,,SE
2022-02-04 00:00:00,,141.49,,SE
2022-02-04 03:00:00,,144.01001,,SE
2022-02-04 06:00:00,,147.9,,SE
2022-02-04 09:00:00,,145.15,,SE
2022-02-04 12:00:00,,153.77,,SE
2022-02-04 15:00:00,,153.67,,SE
2022-02-04 18:00:00,,144.7,,SE
2022-02-04 21:00:00,,136.0,,SE
2022-02-05 00:00:00,,127.62,,SE
2022-02-05 03:00:00,,116.62,,SE
2022-02-05 06:00:00,,111.33,,E
2022-02-05 09:00:00,,107.54,,E
2022-02-05 12:00:00,,104.8,,E
2022-02-05 15:00:00,,99.89,,E
2022-02-05 18:00:00,,88.670006,,E
2022-02-05 21:00:00,,83.25,,E
2022-02-06 00:00:00,,82.700005,,E
2022-02-06 03:00:00,,85.170006,,E
2022-02-06 06:00:00,,89.33,,E
2022-02-06 09:00:00,,93.26,,E
2022-02-06 12:00:00,,96.86,,E
2022-02-06 15:00:00,,92.86,,E
2022-02-06 18:00:00,,84.93,,E
2022-02-06 21:00:00,,84.520004,,E
2022-02-07 00:00:00,,87.700005,,E
2022-02-07 03:00:00,,89.5,,E
2022-02-07 06:00:00,,90.37,,E
2022-02-07 09:00:00,,89.16,,E
2022-02-07 12:00:00,,87.61,,E
2022-02-07 15:00:00,,85.66,,E
2022-02-07 18:00:00,,85.32,,E
2022-02-07 21:00:00,,87.76,,E
2022-02-08 00:00:00,,88.520004,,E
2022-02-08 03:00:00,,88.880005,,E
2022-02-08 06:00:00,,90.55,,E
2022-02-08 09:00:00,,93.990005,,E
2022-02-08 12:00:00,,99.880005,,E
2022-02-08 15:00:00,,101.47,,E
2022-02-08 18:00:00,,94.0,,E
2022-02-08 21:00:00,,90.380005,,E
2022-02-09 00:00:00,,91.47,,E
2022-02-09 03:00:00,,92.86,,E
2022-02-09 06:00:00,,104.340004,,E
2022-02-09 09:00:00,,113.72,,SE
2022-02-09 12:00:00,,123.42,,SE
2022-02-09 15:00:00,,133.22,,SE
2022-02-09 18:00:00,,139.41,,SE
2022-02-09 21:00:00,,144.6,,SE
2022-02-10 00:00:00,,149.79001,,SE
2022-02-10 03:00:00,,147.53,,SE
2022-02-10 06:00:00,,145.32,,SE
2022-02-10 09:00:00,,144.28,,SE
2022-02-10 12:00:00,,143.49,,SE
2022-02-10 15:00:00,,144.63,,SE
2022-02-10 18:00:00,,145.58,,SE
2022-02-10 21:00:00,,144.58,,SE
2022-02-11 00:00:00,,145.39,,SE
2022-02-11 03:00:00,,147.01001,,SE
2022-02-11 06:00:00,,150.04001,,SE
2022-02-11 09:00:00,,148.38,,SE
2022-02-11 12:00:00,,150.31,,SE
2022-02-11 15:00:00,,148.54001,,SE
2022-02-11 18:00:00,,148.03,,SE
2022-02-11 21:00:00,,148.59,,SE
2022-02-12 00:00:00,,152.0,,SE
2022-02-12 03:00:00,,155.49,,SE
2022-02-12 06:00:00,,158.71,,S
2022-02-12 09:00:00,,159.59,,S
2022-02-12 12:00:00,,159.34,,S
2022-02-12 15:00:00,,158.73,,S
2022-02-12 18:00:00,,159.12,,S
2022-02-12 21:00:00,,161.84,,S
2022-02-13 00:00:00,,162.23,,S
2022-02-13 03:00:00,,160.68,,S
2022-02-13 06:00:00,,155.91,,SE
2022-02-13 09:00:00,,151.12,,SE
2022-02-13 12:00:00,,151.22,,SE
2022-02-13 15:00:00,,151.34,,SE
2022-02-13 18:00:00,,150.16,,SE
2022-02-13 21:00:00,,146.78,,SE
2022-02-14 00:00:00,,141.2,,SE
2022-02-14 03:00:00,,135.78,,SE
2022-02-14 06:00:00,,132.95,,SE
2022-02-14 09:00:00,,131.17,,SE
2022-02-14 12:00:00,,131.49,,SE
2022-02-14 15:00:00,,131.22,,SE
2022-02-14 18:00:00,,122.14,,SE
2022-02-14 21:00:00,,111.58,,E
2022-02-15 00:00:00,,112.49,,E
2022-02-15 03:00:00,,116.66,,SE
2022-02-15 06:00:00,,121.21001,,SE
2022-02-15 09:00:00,,123.76,,SE
2022-02-15 12:00:00,,124.93,,SE
2022-02-15 15:00:00,,122.9,,SE
2022-02-15 18:00:00,,116.47,,SE
2022-02-15 21:00:00,,121.51,,SE
2022-02-16 00:00:00,,132.59,,SE
2022-02-16 03:00:00,,138.38,,SE
2022-02-16 06:00:00,,142.72,,SE
2022-02-16 09:00:00,,146.42,,SE
2022-02-16 12:00:00,,146.92,,SE
2022-02-16 15:00:00,,148.16,,SE
2022-02-16 18:00:00,,151.56,,SE
2022-02-16 21:00:00,,152.12,,SE
2022-02-17 00:00:00,,152.84,,SE
2022-02-17 03:00:00,,151.44,,SE
2022-02-17 06:00:00,,150.69,,SE
2022-02-17 09:00:00,,152.47,,SE
2022-02-17 12:00:00,,152.73,,SE
2022-02-17 15:00:00,,156.13,,SE
2022-02-17 18:00:00,,155.88,,SE
2022-02-17 21:00:00,,155.68,,SE
2022-02-18 00:00:00,,152.41,,SE
2022-02-18 03:00:00,,148.81,,SE
2022-02-18 06:00:00,,147.16,,SE
2022-02-18 09:00:00,,144.31,,SE
2022-02-18 12:00:00,,138.0,,SE
2022-02-18 15:00:00,,129.52,,SE
2022-02-18 18:00:00,,123.94,,SE
2022-02-18 21:00:00,,115.99,,SE
2022-02-19 00:00:00,,109.32,,E
2022-02-19 03:00:00,,108.44,,E
2022-02-19 06:00:00,,111.24,,E
2022-02-19 09:00:00,,110.75,,E
2022-02-19 12:00:00,,105.94,,E
2022-02-19 15:00:00,,102.85,,E
2022-02-19 18:00:00,,100.69,,E
2022-02-19 21:00:00,,101.92,,E
2022-02-20 00:00:00,,101.6,,E
2022-02-20 03:00:00,,99.89,,E
2022-02-20 06:00:00,,100.86,,E
2022-02-20 09:00:00,,105.630005,,E
2022-02-20 12:00:00,,112.97,,SE
2022-02-20 15:00:00,,117.11,,SE
2022-02-20 18:00:00,,117.3,,SE
2022-02-20 21:00:00,,123.600006,,SE
2022-02-21 00:00:00,,128.92,,SE
2022-02-21 03:00:00,,127.39,,SE
2022-02-21 06:00:00,,130.32,,SE
2022-02-21 09:00:00,,129.02,,SE
2022-02-21 12:00:00,,128.41,,SE
2022-02-21 15:00:00,,127.380005,,SE
2022-02-21 18:00:00,,126.490005,,SE
2022-02-21 21:00:00,,124.130005,,SE
2022-02-22 00:00:00,,122.96001,,SE
2022-02-22 03:00:00,,122.78,,SE
2022-02-22 06:00:00,,122.979996,,SE
2022-02-22 09:00:00,,122.740005,,SE
2022-02-22 12:00:00,,121.9,,SE
2022-02-22 15:00:00,,121.17,,SE
2022-02-22 18:00:00,,119.76,,SE
2022-02-22 21:00:00,,118.020004,,SE
2022-02-23 00:00:00,,117.37,,SE
2022-02-23 03:00:00,,116.93,,SE
2022-02-23 06:00:00,,116.56,,SE
2022-02-23 09:00:00,,117.44,,SE
2022-02-23 12:00:00,,116.78,,SE
2022-02-23 15:00:00,,117.55,,SE
2022-02-23 18:00:00,,115.5,,SE
2022-02-23 21:00:00,,115.07,,SE
2022-02-24 00:00:00,,114.28,,SE
2022-02-24 03:00:00,,114.41,,SE
2022-02-24 06:00:00,,116.350006,,SE
2022-02-24 09:00:00,,117.65,,SE
2022-02-24 12:00:00,,120.11,,SE
2022-02-24 15:00:00,,119.66,,SE
2022-02-24 18:00:00,,116.62,,SE
2022-02-24 21:00:00,,113.03,,SE
2022-02-25 00:00:00,,112.86,,SE
2022-02-25 03:00:00,,114.15,,SE
2022-02-25 06:00:00,,115.08,,SE
2022-02-25 09:00:00,,117.59,,SE
2022-02-25 12:00:00,,122.600006,,SE
2022-02-25 15:00:00,,128.0,,SE
2022-02-25 18:00:00,,135.53,,SE
2022-02-25 21:00:00,,140.31,,SE
2022-02-26 00:00:00,,142.7,,SE
2022-02-26 03:00:00,,148.16,,SE
2022-02-26 06:00:00,,154.42,,SE
2022-02-26 09:00:00,,156.45,,SE
2022-02-26 12:00:00,,159.73,,S
2022-02-26 15:00:00,,162.24,,S
2022-02-26 18:00:00,,164.25,,S
2022-02-26 21:00:00,,165.3,,S
2022-02-27 00:00:00,,165.6,,S
2022-02-27 03:00:00,,164.82,,S
2022-02-27 06:00:00,,163.45,,S
2022-02-27 09:00:00,,162.52,,S
2022-02-27 12:00:00,,159.71,,S
2022-02-27 15:00:00,,160.44,,S
2022-02-27 18:00:00,,161.42,,S
2022-02-27 21:00:00,,161.06,,S
2022-02-28 00:00:00,,157.44,,SE
2022-02-28 03:00:00,,156.36,,SE
2022-02-28 06:00:00,,156.18,,SE
2022-02-28 09:00:00,,153.73,,SE
2022-02-28 12:00:00,,150.88,,SE
2022-02-28 15:00:00,,147.87,,SE
2022-02-28 18:00:00,,143.42,,SE
2022-02-28 21:00:00,,141.27,,SE
2022-03-01 00:00:00,,138.53,,SE
2022-03-01 03:00:00,,135.92,,SE
2022-03-01 06:00:00,,134.67,,SE
2022-03-01 09:00:00,,133.31,,SE
2022-03-01 12:00:00,,130.01001,,SE
2022-03-01 15:00:00,,125.91,,SE
2022-03-01 18:00:00,,115.66,,SE
2022-03-01 21:00:00,,112.200005,,E
2022-03-02 00:00:00,,110.380005,,E
2022-03-02 03:00:00,,108.87,,E
2022-03-02 06:00:00,,109.37,,E
2022-03-02 09:00:00,,111.51,,E
2022-03-02 12:00:00,,114.26,,SE
2022-03-02 15:00:00,,115.83,,SE
2022-03-02 18:00:00,,109.48,,E
2022-03-02 21:00:00,,102.86,,E
2022-03-03 00:00:00,,101.68,,E
2022-03-03 03:00:00,,100.04,,E
2022-03-03 06:00:00,,101.490005,,E
2022-03-03 09:00:00,,105.23,,E
2022-03-03 12:00:00,,110.48,,E
2022-03-03 15:00:00,,115.47,,SE
2022-03-03 18:00:00,,122.34,,SE
2022-03-03 21:00:00,,134.07,,SE
2022-03-04 00:00:00,,139.26001,,SE
2022-03-04 03:00:00,,138.91,,SE
2022-03-04 06:00:00,,140.0,,SE
2022-03-04 09:00:00,,141.20999,,SE
2022-03-04 12:00:00,,142.16,,SE
2022-03-04 15:00:00,,139.87,,SE
2022-03-04 18:00:00,,133.87,,SE
2022-03-04 21:00:00,,127.64,,SE
2022-03-05 00:00:00,,122.4,,SE
2022-03-05 03:00:00,,116.78,,SE
2022-03-05 06:00:00,,116.86,,SE
2022-03-05 09:00:00,,121.729996,,SE
2022-03-05 12:00:00,,127.69,,SE
2022-03-05 15:00:00,,130.56,,SE
2022-03-05 18:00:00,,138.88,,SE
2022-03-05 21:00:00,,147.77,,SE
2022-03-06 00:00:00,,148.46,,SE
2022-03-06 03:00:00,,142.63,,SE
2022-03-06 06:00:00,,141.48,,SE
2022-03-06 09:00:00,,138.92,,SE
2022-03-06 12:00:00,,139.41,,SE
2022-03-06 15:00:00,,140.76001,,SE
2022-03-06 18:00:00,,140.63,,SE
2022-03-06 21:00:00,,138.66,,SE
2022-03-07 00:00:00,,138.53,,SE
2022-03-07 03:00:00,,141.09,,SE
2022-03-07 06:00:00,,143.1,,SE
2022-03-07 09:00:00,,141.65,,SE
2022-03-07 12:00:00,,140.87,,SE
2022-03-07 15:00:00,,139.98,,SE
2022-03-07 18:00:00,,139.81,,SE
2022-03-07 21:00:00,,139.24,,SE
2022-03-08 00:00:00,,136.48,,SE
2022-03-08 03:00:00,,133.21,,SE
2022-03-08 06:00:00,,131.56,,SE
2022-03-08 09:00:00,,129.78,,SE
2022-03-08 12:00:00,,128.27,,SE
2022-03-08 15:00:00,,125.66,,SE
2022-03-08 18:00:00,,122.14,,SE
2022-03-08 21:00:00,,119.16,,SE
2022-03-09 00:00:00,,117.100006,,SE
2022-03-09 03:00:00,,114.98,,SE
2022-03-09 06:00:00,,112.65,,SE
2022-03-09 09:00:00,,108.73,,E
2022-03-09 12:00:00,,108.21,,E
2022-03-09 15:00:00,,108.28,,E
2022-03-09 18:00:00,,107.75,,E
2022-03-09 21:00:00,,106.57,,E
2022-03-10 00:00:00,,106.130005,,E
2022-03-10 03:00:00,,104.68,,E
2022-03-10 06:00:00,,104.19,,E
2022-03-10 09:00:00,,104.9,,E
2022-03-10 12:00:00,,106.74,,E
2022-03-10 15:00:00,,110.44,,E
2022-03-10 18:00:00,,114.05,,SE
2022-03-10 21:00:00,,115.42,,SE
2022-03-11 00:00:00,,116.5,,SE
2022-03-11 03:00:00,,118.04,,SE
2022-03-11 06:00:00,,120.04,,SE
2022-03-11 09:00:00,,120.51,,SE
2022-03-11 12:00:00,,122.76,,SE
2022-03-11 15:00:00,,125.130005,,SE
2022-03-11 18:00:00,,125.81,,SE
2022-03-11 21:00:00,,124.520004,,SE
2022-03-12 00:00:00,,124.61,,SE
2022-03-12 03:00:00,,123.53,,SE
2022-03-12 06:00:00,,125.81,,SE
2022-03-12 09:00:00,,132.03,,SE
2022-03-12 12:00:00,,134.99,,SE
2022-03-12 15:00:00,,136.43,,SE
2022-03-12 18:00:00,,134.81,,SE
2022-03-12 21:00:00,,134.37,,SE
2022-03-13 00:00:00,,121.75,,SE
2022-03-13 03:00:00,,120.21001,,SE
2022-03-13 06:00:00,,128.01001,,SE
2022-03-13 09:00:00,,137.17,,SE
2022-03-13 12:00:00,,143.16,,SE
2022-03-13 15:00:00,,145.33,,SE
2022-03-13 18:00:00,,145.11,,SE
2022-03-13 21:00:00,,142.89,,SE
2022-03-14 00:00:00,,136.89,,SE
2022-03-14 03:00:00,,135.7,,SE
2022-03-14 06:00:00,,137.52,,SE
2022-03-14 09:00:00,,137.63,,SE
2022-03-14 12:00:00,,140.13,,SE
2022-03-14 15:00:00,,140.25,,SE
2022-03-14 18:00:00,,137.34,,SE
2022-03-14 21:00:00,,134.02,,SE
2022-03-15 00:00:00,,129.86,,SE
2022-03-15 03:00:00,,124.09,,SE
2022-03-15 06:00:00,,120.14,,SE
2022-03-15 09:00:00,,114.700005,,SE
2022-03-15 12:00:00,,114.41,,SE
2022-03-15 15:00:00,,106.87,,E
2022-03-15 18:00:00,,107.97,,E
2022-03-15 21:00:00,,110.33,,E
2022-03-16 00:00:00,,110.68,,E
2022-03-16 03:00:00,,110.0,,E
2022-03-16 06:00:00,,109.4,,E
2022-03-16 09:00:00,,110.28,,E
2022-03-16 12:00:00,,110.92,,E
2022-03-16 15:00:00,,109.8,,E
2022-03-16 18:00:00,,107.24,,E
2022-03-16 21:00:00,,107.65,,E
2022-03-17 00:00:00,,108.78,,E
2022-03-17 03:00:00,,107.72,,E
2022-03-17 06:00:00,,106.41,,E
2022-03-17 09:00:00,,106.54,,E
2022-03-17 12:00:00,,108.700005,,E
2022-03-17 15:00:00,,111.98,,E
2022-03-17 18:00:00,,112.590004,,SE
2022-03-17 21:00:00,,117.32,,SE
2022-03-18 00:00:00,,124.21001,,SE
2022-03-18 03:00:00,,132.0,,SE
2022-03-18 06:00:00,,141.32,,SE
2022-03-18 09:00:00,,149.31,,SE
2022-03-18 12:00:00,,153.69,,SE
2022-03-18 15:00:00,,154.73,,SE
2022-03-18 18:00:00,,153.49,,SE
2022-03-18 21:00:00,,150.49,,SE
2022-03-19 00:00:00,,146.51001,,SE
2022-03-19 03:00:00,,140.85,,SE
2022-03-19 06:00:00,,138.3,,SE
2022-03-19 09:00:00,,136.7,,SE
2022-03-19 12:00:00,,134.69,,SE
2022-03-19 15:00:00,,132.47,,SE
2022-03-19 18:00:00,,130.22,,SE
2022-03-19 21:00:00,,126.16,,SE
2022-03-20 00:00:00,,123.81,,SE
2022-03-20 03:00:00,,117.520004,,SE
2022-03-20 06:00:00,,116.09,,SE
2022-03-20 09:00:00,,113.78,,SE
2022-03-20 12:00:00,,113.200005,,SE
2022-03-20 15:00:00,,112.53,,SE
2022-03-20 18:00:00,,111.24,,E
2022-03-20 21:00:00,,109.07,,E
2022-03-21 00:00:00,,107.0,,E
2022-03-21 03:00:00,,106.68,,E
2022-03-21 06:00:00,,109.15,,E
2022-03-21 09:00:00,,114.15,,SE
2022-03-21 12:00:00,,115.15,,SE
2022-03-21 15:00:00,,119.12,,SE
2022-03-21 18:00:00,,142.39,,SE
2022-03-21 21:00:00,,163.32,,S
2022-03-22 00:00:00,,175.55,,S
2022-03-22 03:00:00,,177.44,,S
2022-03-22 06:00:00,,174.65,,S
2022-03-22 09:00:00,,171.76,,S
2022-03-22 12:00:00,,165.33,,S
2022-03-22 15:00:00,,160.78,,S
2022-03-22 18:00:00,,157.49,,SE
2022-03-22 21:00:00,,155.66,,SE
2022-03-23 00:00:00,,154.46,,SE
2022-03-23 03:00:00,,153.05,,SE
2022-03-23 06:00:00,,151.72,,SE
2022-03-23 09:00:00,,151.1,,SE
2022-03-23 12:00:00,,149.27,,SE
2022-03-23 15:00:00,,146.94,,SE
2022-03-23 18:00:00,,145.77,,SE
2022-03-23 21:00:00,,146.03,,SE
2022-03-24 00:00:00,,146.64,,SE
2022-03-24 03:00:00,,147.62,,SE
2022-03-24 06:00:00,,147.33,,SE
2022-03-24 09:00:00,,146.49,,SE
2022-03-24 12:00:00,,145.97,,SE
2022-03-24 15:00:00,,145.11,,SE
2022-03-24 18:00:00,,145.1,,SE
2022-03-24 21:00:00,,145.04001,,SE
2022-03-25 00:00:00,,144.59,,SE
2022-03-25 03:00:00,,143.13,,SE
2022-03-25 06:00:00,,141.63,,SE
2022-03-25 09:00:00,,140.45999,,SE
2022-03-25 12:00:00,,139.4,,SE
2022-03-25 15:00:00,,138.6,,SE
2022-03-25 18:00:00,,137.14,,SE
2022-03-25 21:00:00,,132.09,,SE
2022-03-26 00:00:00,,132.08,,SE
2022-03-26 03:00:00,,133.56,,SE
2022-03-26 06:00:00,,135.42,,SE
2022-03-26 09:00:00,,136.68,,SE
2022-03-26 12:00:00,,137.17,,SE
2022-03-26 15:00:00,,135.5,,SE
2022-03-26 18:00:00,,131.35,,SE
2022-03-26 21:00:00,,129.0,,SE
2022-03-27 00:00:00,,126.45,,SE
2022-03-27 03:00:00,,126.81,,SE
2022-03-27 06:00:00,,127.69,,SE
2022-03-27 09:00:00,,128.95,,SE
2022-03-27 12:00:00,,130.17,,SE
2022-03-27 15:00:00,,130.32,,SE
2022-03-27 18:00:00,,127.86,,SE
2022-03-27 21:00:00,,127.97,,SE
2022-03-28 00:00:00,,125.630005,,SE
2022-03-28 03:00:00,,126.880005,,SE
2022-03-28 06:00:00,,130.67,,SE
2022-03-28 09:00:00,,133.87,,SE
2022-03-28 12:00:00,,134.82,,SE
2022-03-28 15:00:00,,135.74,,SE
2022-03-28 18:00:00,,136.34,,SE
2022-03-28 21:00:00,,136.64,,SE
2022-03-29 00:00:00,,136.72,,SE
2022-03-29 03:00:00,,138.12,,SE
2022-03-29 06:00:00,,138.61,,SE
2022-03-29 09:00:00,,138.18,,SE
2022-03-29 12:00:00,,138.05,,SE
2022-03-29 15:00:00,,138.95999,,SE
2022-03-29 18:00:00,,138.76001,,SE
2022-03-29 21:00:00,,138.3,,SE
2022-03-30 00:00:00,,136.43,,SE
2022-03-30 03:00:00,,137.62,,SE
2022-03-30 06:00:00,,138.95,,SE
2022-03-30 09:00:00,,140.42,,SE
2022-03-30 12:00:00,,140.2,,SE
2022-03-30 15:00:00,,142.13,,SE
2022-03-30 18:00:00,,143.44,,SE
2022-03-30 21:00:00,,143.13,,SE
2022-03-31 00:00:00,,136.79001,,SE
2022-03-31 03:00:00,,133.02,,SE
2022-03-31 06:00:00,,135.33,,SE
2022-03-31 09:00:00,,137.78,,SE
2022-03-31 12:00:00,,139.82,,SE
2022-03-31 15:00:00,,140.01001,,SE
2022-03-31 18:00:00,,132.23,,SE
2022-03-31 21:00:00,,129.33,,SE
2022-04-01 00:00:00,,130.87,,SE
2022-04-01 03:00:00,,134.29001,,SE
2022-04-01 06:00:00,,139.36,,SE
2022-04-01 09:00:00,,142.41,,SE
2022-04-01 12:00:00,,143.42,,SE
2022-04-01 15:00:00,,140.37,,SE
2022-04-01 18:00:00,,142.57,,SE
2022-04-01 21:00:00,,152.82,,SE
2022-04-02 00:00:00,,165.97,,S
2022-04-02 03:00:00,,171.69,,S
2022-04-02 06:00:00,,173.92,,S
2022-04-02 09:00:00,,174.29,,S
2022-04-02 12:00:00,,175.45,,S
2022-04-02 15:00:00,,176.08,,S
2022-04-02 18:00:00,,176.27,,S
2022-04-02 21:00:00,,175.01,,S
2022-04-03 00:00:00,,174.14,,S
2022-04-03 03:00:00,,173.16,,S
2022-04-03 06:00:00,,172.67,,S
2022-04-03 09:00:00,,171.05,,S
2022-04-03 12:00:00,,170.2,,S
2022-04-03 15:00:00,,169.35,,S
2022-04-03 18:00:00,,169.3,,S
2022-04-03 21:00:00,,169.16,,S
2022-04-04 00:00:00,,168.52,,S
2022-04-04 03:00:00,,167.7,,S
2022-04-04 06:00:00,,167.3,,S
2022-04-04 09:00:00,,166.95,,S
2022-04-04 12:00:00,,164.3,,S
2022-04-04 15:00:00,,162.34,,S
2022-04-04 18:00:00,,160.06,,S
2022-04-04 21:00:00,,157.39,,SE
2022-04-05 00:00:00,,154.61,,SE
2022-04-05 03:00:00,,152.12,,SE
2022-04-05 06:00:00,,150.23,,SE
2022-04-05 09:00:00,,148.92,,SE
2022-04-05 12:00:00,,147.83,,SE
2022-04-05 15:00:00,,145.24,,SE
2022-04-05 18:00:00,,142.31,,SE
2022-04-05 21:00:00,,139.36,,SE
2022-04-06 00:00:00,,137.67,,SE
2022-04-06 03:00:00,,135.82,,SE
2022-04-06 06:00:00,,138.2,,SE
2022-04-06 09:00:00,,139.05,,SE
2022-04-06 12:00:00,,137.68,,SE
2022-04-06 15:00:00,,136.41,,SE
2022-04-06 18:00:00,,136.53,,SE
2022-04-06 21:00:00,,141.72,,SE
2022-04-07 00:00:00,,148.73,,SE
2022-04-07 03:00:00,,153.66,,SE
2022-04-07 06:00:00,,153.37,,SE
2022-04-07 09:00:00,,154.17,,SE
2022-04-07 12:00:00,,158.75,,S
2022-04-07 15:00:00,,160.14,,S
2022-04-07 18:00:00,,155.86,,SE
2022-04-07 21:00:00,,151.79001,,SE
2022-04-08 00:00:00,,149.62,,SE
2022-04-08 03:00:00,,148.83,,SE
2022-04-08 06:00:00,,149.55,,SE
2022-04-08 09:00:00,,150.21,,SE
2022-04-08 12:00:00,,150.2,,SE
2022-04-08 15:00:00,,150.51,,SE
2022-04-08 18:00:00,,151.57,,SE
2022-04-08 21:00:00,,151.68,,SE
2022-04-09 00:00:00,,151.78,,SE
2022-04-09 03:00:00,,152.11,,SE
2022-04-09 06:00:00,,152.1,,SE
2022-04-09 09:00:00,,151.21,,SE
2022-04-09 12:00:00,,150.35,,SE
2022-04-09 15:00:00,,149.19,,SE
2022-04-09 18:00:00,,145.53,,SE
2022-04-09 21:00:00,,138.63,,SE
2022-04-10 00:00:00,,135.48,,SE
2022-04-10 03:00:00,,134.5,,SE
2022-04-10 06:00:00,,134.1,,SE
2022-04-10 09:00:00,,143.31,,SE
2022-04-10 12:00:00,,142.7,,SE
2022-04-10 15:00:00,,147.04001,,SE
2022-04-10 18:00:00,,147.04001,,SE
2022-04-10 21:00:00,,147.01001,,SE
2022-04-11 00:00:00,,149.39,,SE
2022-04-11 03:00:00,,153.4,,SE
2022-04-11 06:00:00,,159.8,,S
2022-04-11 09:00:00,,163.07,,S
2022-04-11 12:00:00,,161.67,,S
2022-04-11 15:00:00,,160.51,,S
2022-04-11 18:00:00,,160.91,,S
2022-04-11 21:00:00,,161.97,,S
2022-04-12 00:00:00,,162.61,,S
2022-04-12 03:00:00,,162.7,,S
2022-04-12 06:00:00,,161.9,,S
2022-04-12 09:00:00,,160.53,,S
2022-04-12 12:00:00,,159.23,,S
2022-04-12 15:00:00,,158.1,,S
2022-04-12 18:00:00,,156.42,,SE
2022-04-12 21:00:00,,153.22,,SE
2022-04-13 00:00:00,,150.23,,SE
2022-04-13 03:00:00,,147.88,,SE
2022-04-13 06:00:00,,146.33,,SE
2022-04-13 09:00:00,,144.41,,SE
2022-04-13 12:00:00,,143.05,,SE
2022-04-13 15:00:00,,141.08,,SE
2022-04-13 18:00:00,,137.36,,SE
2022-04-13 21:00:00,,134.43,,SE
2022-04-14 00:00:00,,132.6,,SE
2022-04-14 03:00:00,,130.69,,SE
2022-04-14 06:00:00,,129.11,,SE
2022-04-14 09:00:00,,128.88,,SE
2022-04-14 12:00:00,,129.51001,,SE
2022-04-14 15:00:00,,130.73,,SE
2022-04-14 18:00:00,,131.38,,SE
2022-04-14 21:00:00,,134.26001,,SE
2022-04-15 00:00:00,,132.09,,SE
2022-04-15 03:00:00,,131.32,,SE
2022-04-15 06:00:00,,133.19,,SE
2022-04-15 09:00:00,,140.44,,SE
2022-04-15 12:00:00,,155.56,,SE
2022-04-15 15:00:00,,161.15,,S
2022-04-15 18:00:00,,169.54,,S
2022-04-15 21:00:00,,171.3,,S
2022-04-16 00:00:00,,171.46,,S
2022-04-16 03:00:00,,171.43,,S
2022-04-16 06:00:00,,171.35,,S
2022-04-16 09:00:00,,171.39,,S
2022-04-16 12:00:00,,170.82,,S
2022-04-16 15:00:00,,170.64,,S
2022-04-16 18:00:00,,171.22,,S
2022-04-16 21:00:00,,171.07,,S
2022-04-17 00:00:00,,169.61,,S
2022-04-17 03:00:00,,168.77,,S
2022-04-17 06:00:00,,169.63,,S
2022-04-17 09:00:00,,172.52,,S
2022-04-17 12:00:00,,175.92,,S
2022-04-17 15:00:00,,176.62,,S
2022-04-17 18:00:00,,175.68,,S
2022-04-17 21:00:00,,175.16,,S
2022-04-18 00:00:00,,174.8,,S
2022-04-18 03:00:00,,174.88,,S
2022-04-18 06:00:00,,176.29,,S
2022-04-18 09:00:00,,176.83,,S
2022-04-18 12:00:00,,176.21,,S
2022-04-18 15:00:00,,176.02,,S
2022-04-18 18:00:00,,175.42,,S
2022-04-18 21:00:00,,174.83,,S
2022-04-19 00:00:00,,174.15,,S
2022-04-19 03:00:00,,174.01,,S
2022-04-19 06:00:00,,174.73,,S
2022-04-19 09:00:00,,174.8,,S
2022-04-19 12:00:00,,174.04,,S
2022-04-19 15:00:00,,172.36,,S
2022-04-19 18:00:00,,170.14,,S
2022-04-19 21:00:00,,168.55,,S
2022-04-20 00:00:00,,166.92,,S
2022-04-20 03:00:00,,165.47,,S
2022-04-20 06:00:00,,164.39,,S
2022-04-20 09:00:00,,163.84,,S
2022-04-20 12:00:00,,164.07,,S
2022-04-20 15:00:00,,164.15,,S
2022-04-20 18:00:00,,164.04,,S
2022-04-20 21:00:00,,166.66,,S
2022-04-21 00:00:00,,163.21,,S
2022-04-21 03:00:00,,162.28,,S
2022-04-21 06:00:00,,161.31,,S
2022-04-21 09:00:00,,159.19,,S
2022-04-21 12:00:00,,157.06,,SE
2022-04-21 15:00:00,,155.07,,SE
2022-04-21 18:00:00,,153.45,,SE
2022-04-21 21:00:00,,149.55,,SE
2022-04-22 00:00:00,,149.18,,SE
2022-04-22 03:00:00,,148.64,,SE
2022-04-22 06:00:00,,148.2,,SE
2022-04-22 09:00:00,,147.39,,SE
2022-04-22 12:00:00,,146.24,,SE
2022-04-22 15:00:00,,144.64,,SE
2022-04-22 18:00:00,,139.28,,SE
2022-04-22 21:00:00,,134.84,,SE
2022-04-23 00:00:00,,133.25,,SE
2022-04-23 03:00:00,,133.31,,SE
2022-04-23 06:00:00,,133.54001,,SE
2022-04-23 09:00:00,,132.27,,SE
2022-04-23 12:00:00,,136.49,,SE
2022-04-23 15:00:00,,137.51001,,SE
2022-04-23 18:00:00,,128.36,,SE
2022-04-23 21:00:00,,123.5,,SE
2022-04-24 00:00:00,,122.83,,SE
2022-04-24 03:00:00,,123.2,,SE
2022-04-24 06:00:00,,125.57,,SE
2022-04-24 09:00:00,,129.62,,SE
2022-04-24 12:00:00,,132.56,,SE
2022-04-24 15:00:00,,133.55,,SE
2022-04-24 18:00:00,,140.75,,SE
2022-04-24 21:00:00,,149.54001,,SE
2022-04-25 00:00:00,,154.94,,SE
2022-04-25 03:00:00,,158.88,,S
2022-04-25 06:00:00,,162.02,,S
2022-04-25 09:00:00,,161.59,,S
2022-04-25 12:00:00,,159.52,,S
2022-04-25 15:00:00,,157.33,,SE
2022-04-25 18:00:00,,156.86,,SE
2022-04-25 21:00:00,,155.88,,SE
2022-04-26 00:00:00,,154.64,,SE
2022-04-26 03:00:00,,152.96,,SE
2022-04-26 06:00:00,,151.03,,SE
2022-04-26 09:00:00,,148.9,,SE
2022-04-26 12:00:00,,146.23,,SE
2022-04-26 15:00:00,,142.8,,SE
2022-04-26 18:00:00,,138.82,,SE
2022-04-26 21:00:00,,134.73,,SE
2022-04-27 00:00:00,,131.06,,SE
2022-04-27 03:00:00,,127.5,,SE
2022-04-27 06:00:00,,124.350006,,SE
2022-04-27 09:00:00,,121.81,,SE
2022-04-27 12:00:00,,119.37,,SE
2022-04-27 15:00:00,,117.92,,SE
2022-04-27 18:00:00,,115.46,,SE
2022-04-27 21:00:00,,113.29,,SE
2022-04-28 00:00:00,,112.03,,E
2022-04-28 03:00:00,,110.98,,E
2022-04-28 06:00:00,,109.82,,E
2022-04-28 09:00:00,,108.74,,E
2022-04-28 12:00:00,,107.21,,E
2022-04-28 15:00:00,,105.61,,E
2022-04-28 18:00:00,,105.950005,,E
2022-04-28 21:00:00,,106.21,,E
2022-04-29 00:00:00,,105.86,,E
2022-04-29 03:00:00,,105.28,,E
2022-04-29 06:00:00,,106.39,,E
2022-04-29 09:00:00,,105.340004,,E
2022-04-29 12:00:00,,105.44,,E
2022-04-29 15:00:00,,104.310005,,E
2022-04-29 18:00:00,,103.9,,E
2022-04-29 21:00:00,,103.450005,,E
2022-04-30 00:00:00,,103.62,,E
2022-04-30 03:00:00,,103.91,,E
2022-04-30 06:00:00,,103.55,,E
2022-04-30 09:00:00,,103.1,,E
2022-04-30 12:00:00,,102.880005,,E
2022-04-30 15:00:00,,103.37,,E
2022-04-30 18:00:00,,104.33,,E
2022-04-30 21:00:00,,106.65,,E
2022-05-01 00:00:00,,106.39,,E
2022-05-01 03:00:00,,111.590004,,E
2022-05-01 06:00:00,,116.4,,SE
2022-05-01 09:00:00,,126.729996,,SE
2022-05-01 12:00:00,,133.95,,SE
2022-05-01 15:00:00,,143.61,,SE
2022-05-01 18:00:00,,149.16,,SE
2022-05-01 21:00:00,,152.46,,SE
2022-05-02 00:00:00,,150.98,,SE
2022-05-02 03:00:00,,148.36,,SE
2022-05-02 06:00:00,,146.69,,SE
2022-05-02 09:00:00,,146.13,,SE
2022-05-02 12:00:00,,147.15,,SE
2022-05-02 15:00:00,,150.43,,SE
2022-05-02 18:00:00,,153.65,,SE
2022-05-02 21:00:00,,153.39,,SE
2022-05-03 00:00:00,,154.67,,SE
2022-05-03 03:00:00,,159.93,,S
2022-05-03 06:00:00,,164.65,,S
2022-05-03 09:00:00,,167.93,,S
2022-05-03 12:00:00,,168.96,,S
2022-05-03 15:00:00,,168.54,,S
2022-05-03 18:00:00,,164.0,,S
2022-05-03 21:00:00,,158.99,,S
2022-05-04 00:00:00,,159.03,,S
2022-05-04 03:00:00,,161.4,,S
2022-05-04 06:00:00,,163.73,,S
2022-05-04 09:00:00,,165.48,,S
2022-05-04 12:00:00,,165.71,,S
2022-05-04 15:00:00,,163.91,,S
2022-05-04 18:00:00,,156.34,,SE
2022-05-04 21:00:00,,148.44,,SE
2022-05-05 00:00:00,,142.83,,SE
2022-05-05 03:00:00,,139.54001,,SE
2022-05-05 06:00:00,,141.0,,SE
2022-05-05 09:00:00,,143.14,,SE
2022-05-05 12:00:00,,144.01001,,SE
2022-05-05 15:00:00,,138.39,,SE
2022-05-05 18:00:00,,124.93,,SE
2022-05-05 21:00:00,,126.66,,SE
2022-05-06 00:00:00,,128.75,,SE
2022-05-06 03:00:00,,125.95,,SE
2022-05-06 06:00:00,,123.600006,,SE
2022-05-06 09:00:00,,127.19,,SE
2022-05-06 12:00:00,,133.95,,SE
2022-05-06 15:00:00,,141.62,,SE
2022-05-06 18:00:00,,152.92,,SE
2022-05-06 21:00:00,,158.26,,S
2022-05-07 00:00:00,,157.27,,SE
2022-05-07 03:00:00,,156.08,,SE
2022-05-07 06:00:00,,160.47,,S
2022-05-07 09:00:00,,166.7,,S
2022-05-07 12:00:00,,170.39,,S
2022-05-07 15:00:00,,170.86,,S
2022-05-07 18:00:00,,168.85,,S
2022-05-07 21:00:00,,167.36,,S
2022-05-08 00:00:00,,166.29,,S
2022-05-08 03:00:00,,168.0,,S
2022-05-08 06:00:00,,172.1,,S
2022-05-08 09:00:00,,173.8,,S
2022-05-08 12:00:00,,172.64,,S
2022-05-08 15:00:00,,168.33,,S
2022-05-08 18:00:00,,163.53,,S
2022-05-08 21:00:00,,161.08,,S
2022-05-09 00:00:00,,160.55,,S
2022-05-09 03:00:00,,160.98,,S
2022-05-09 06:00:00,,160.89,,S
2022-05-09 09:00:00,,161.27,,S
2022-05-09 12:00:00,,161.41,,S
2022-05-09 15:00:00,,162.73,,S
2022-05-09 18:00:00,,163.83,,S
2022-05-09 21:00:00,,164.22,,S
2022-05-10 00:00:00,,165.13,,S
2022-05-10 03:00:00,,166.79,,S
2022-05-10 06:00:00,,169.01,,S
2022-05-10 09:00:00,,169.02,,S
2022-05-10 12:00:00,,166.26,,S
2022-05-10 15:00:00,,161.02,,S
2022-05-10 18:00:00,,156.88,,SE
2022-05-10 21:00:00,,153.36,,SE
2022-05-11 00:00:00,,148.43,,SE
2022-05-11 03:00:00,,144.44,,SE
2022-05-11 06:00:00,,142.3,,SE
2022-05-11 09:00:00,,142.63,,SE
2022-05-11 12:00:00,,143.11,,SE
2022-05-11 15:00:00,,143.22,,SE
2022-05-11 18:00:00,,139.91,,SE
2022-05-11 21:00:00,,133.69,,SE
2022-05-12 00:00:00,,130.27,,SE
2022-05-12 03:00:00,,128.71,,SE
2022-05-12 06:00:00,,129.99,,SE
2022-05-12 09:00:00,,132.42,,SE
2022-05-12 12:00:00,,135.9,,SE
2022-05-12 15:00:00,,145.13,,SE
2022-05-12 18:00:00,,149.75,,SE
2022-05-12 21:00:00,,153.12,,SE
2022-05-13 00:00:00,,159.39,,S
2022-05-13 03:00:00,,161.63,,S
2022-05-13 06:00:00,,164.84,,S
2022-05-13 09:00:00,,166.56,,S
2022-05-13 12:00:00,,166.57,,S
2022-05-13 15:00:00,,165.65,,S
2022-05-13 18:00:00,,163.46,,S
2022-05-13 21:00:00,,163.36,,S
2022-05-14 00:00:00,,164.48,,S
2022-05-14 03:00:00,,168.88,,S
2022-05-14 06:00:00,,173.74,,S
2022-05-14 09:00:00,,175.61,,S
2022-05-14 12:00:00,,176.02,,S
2022-05-14 15:00:00,,175.9,,S
2022-05-14 18:00:00,,174.81,,S
2022-05-14 21:00:00,,172.41,,S
2022-05-15 00:00:00,,172.37,,S
2022-05-15 03:00:00,,171.07,,S
2022-05-15 06:00:00,,170.46,,S
2022-05-15 09:00:00,,170.6,,S
2022-05-15 12:00:00,,170.93,,S
2022-05-15 15:00:00,,171.24,,S
2022-05-15 18:00:00,,171.5,,S
2022-05-15 21:00:00,,171.5,,S
2022-05-16 00:00:00,,171.05,,S
2022-05-16 03:00:00,,170.53,,S
2022-05-16 06:00:00,,169.87,,S
2022-05-16 09:00:00,,168.51,,S
2022-05-16 12:00:00,,166.61,,S
2022-05-16 15:00:00,,165.21,,S
2022-05-16 18:00:00,,163.46,,S
2022-05-16 21:00:00,,161.78,,S
2022-05-17 00:00:00,,163.13,,S
2022-05-17 03:00:00,,162.86,,S
2022-05-17 06:00:00,,163.29001,,S
2022-05-17 09:00:00,,164.7,,S
2022-05-17 12:00:00,,163.73,,S
2022-05-17 15:00:00,,162.74,,S
2022-05-17 18:00:00,,161.32,,S
2022-05-17 21:00:00,,161.23,,S
2022-05-18 00:00:00,,160.73,,S
2022-05-18 03:00:00,,160.19,,S
2022-05-18 06:00:00,,160.87,,S
2022-05-18 09:00:00,,164.76,,S
2022-05-18 12:00:00,,166.41,,S
2022-05-18 15:00:00,,167.78,,S
2022-05-18 18:00:00,,167.0,,S
2022-05-18 21:00:00,,167.83,,S
2022-05-19 00:00:00,,168.87,,S
2022-05-19 03:00:00,,173.44,,S
2022-05-19 06:00:00,,180.27,,S
2022-05-19 09:00:00,,181.86,,S
2022-05-19 12:00:00,,182.39,,S
2022-05-19 15:00:00,,180.93,,S
2022-05-19 18:00:00,,180.56,,S
2022-05-19 21:00:00,,180.88,,S
2022-05-20 00:00:00,,180.8,,S
2022-05-20 03:00:00,,180.97,,S
2022-05-20 06:00:00,,182.04,,S
2022-05-20 09:00:00,,182.62,,S
2022-05-20 12:00:00,,182.78,,S
2022-05-20 15:00:00,,182.32,,S
2022-05-20 18:00:00,,182.33,,S
2022-05-20 21:00:00,,181.59,,S
2022-05-21 00:00:00,,180.99,,S
2022-05-21 03:00:00,,180.37,,S
2022-05-21 06:00:00,,179.81,,S
2022-05-21 09:00:00,,179.12,,S
2022-05-21 12:00:00,,178.92,,S
2022-05-21 15:00:00,,178.23,,S
2022-05-21 18:00:00,,177.23,,S
2022-05-21 21:00:00,,175.84,,S
2022-05-22 00:00:00,,174.13,,S
2022-05-22 03:00:00,,172.6,,S
2022-05-22 06:00:00,,170.87,,S
2022-05-22 09:00:00,,169.88,,S
2022-05-22 12:00:00,,169.41,,S
2022-05-22 15:00:00,,169.41,,S
2022-05-22 18:00:00,,169.09,,S
2022-05-22 21:00:00,,168.9,,S
2022-05-23 00:00:00,,168.35,,S
2022-05-23 03:00:00,,167.76,,S
2022-05-23 06:00:00,,165.24,,S
2022-05-23 09:00:00,,162.49,,S
2022-05-23 12:00:00,,159.76,,S
2022-05-23 15:00:00,,159.0,,S
2022-05-23 18:00:00,,158.06,,S
2022-05-23 21:00:00,,157.02,,SE
2022-05-24 00:00:00,,157.28,,SE
2022-05-24 03:00:00,,157.84,,S
2022-05-24 06:00:00,,156.83,,SE
2022-05-24 09:00:00,,155.86,,SE
2022-05-24 12:00:00,,154.99,,SE
2022-05-24 15:00:00,,154.87,,SE
2022-05-24 18:00:00,,153.38,,SE
2022-05-24 21:00:00,,151.46,,SE
2022-05-25 00:00:00,,147.48,,SE
2022-05-25 03:00:00,,142.08,,SE
2022-05-25 06:00:00,,137.1,,SE
2022-05-25 09:00:00,,133.43,,SE
2022-05-25 12:00:00,,128.84,,SE
2022-05-25 15:00:00,,124.990005,,SE
2022-05-25 18:00:00,,120.75,,SE
2022-05-25 21:00:00,,117.37,,SE
2022-05-26 00:00:00,,115.37,,SE
2022-05-26 03:00:00,,116.07,,SE
2022-05-26 06:00:00,,116.979996,,SE
2022-05-26 09:00:00,,116.79,,SE
2022-05-26 12:00:00,,115.89,,SE
2022-05-26 15:00:00,,115.26,,SE
2022-05-26 18:00:00,,116.5,,SE
2022-05-26 21:00:00,,119.270004,,SE
2022-05-27 00:00:00,,122.46001,,SE
2022-05-27 03:00:00,,124.76,,SE
2022-05-27 06:00:00,,125.76,,SE
2022-05-27 09:00:00,,125.55,,SE
2022-05-27 12:00:00,,123.22,,SE
2022-05-27 15:00:00,,120.39,,SE
2022-05-27 18:00:00,,117.95,,SE
2022-05-27 21:00:00,,116.850006,,SE
2022-05-28 00:00:00,,117.0,,SE
2022-05-28 03:00:00,,117.64,,SE
2022-05-28 06:00:00,,118.82,,SE
2022-05-28 09:00:00,,118.31,,SE
2022-05-28 12:00:00,,118.01,,SE
2022-05-28 15:00:00,,116.270004,,SE
2022-05-28 18:00:00,,115.310005,,SE
2022-05-28 21:00:00,,114.01,,SE
2022-05-29 00:00:00,,112.41,,E
2022-05-29 03:00:00,,110.15,,E
2022-05-29 06:00:00,,107.25,,E
2022-05-29 09:00:00,,105.18,,E
2022-05-29 12:00:00,,103.060005,,E
2022-05-29 15:00:00,,102.4,,E
2022-05-29 18:00:00,,101.14,,E
2022-05-29 21:00:00,,101.79,,E
2022-05-30 00:00:00,,100.28,,E
2022-05-30 03:00:00,,101.36,,E
2022-05-30 06:00:00,,101.91,,E
2022-05-30 09:00:00,,102.04,,E
2022-05-30 12:00:00,,101.3,,E
2022-05-30 15:00:00,,101.770004,,E
2022-05-30 18:00:00,,100.6,,E
2022-05-30 21:00:00,,98.71,,E
2022-05-31 00:00:00,,99.490005,,E
2022-05-31 03:00:00,,100.94,,E
2022-05-31 06:00:00,,103.630005,,E
2022-05-31 09:00:00,,108.91,,E
2022-05-31 12:00:00,,108.67,,E
2022-05-31 15:00:00,,111.090004,,E
2022-05-31 18:00:00,,116.130005,,SE
2022-05-31 21:00:00,,120.04,,SE
2022-06-01 00:00:00,,122.53,,SE
2022-06-01 03:00:00,,123.9,,SE
2022-06-01 06:00:00,,121.95,,SE
2022-06-01 09:00:00,,120.07,,SE
2022-06-01 12:00:00,,121.97,,SE
2022-06-01 15:00:00,,124.12,,SE
2022-06-01 18:00:00,,123.25,,SE
2022-06-01 21:00:00,,125.9,,SE
2022-06-02 00:00:00,,126.84,,SE
2022-06-02 03:00:00,,140.87,,SE
2022-06-02 06:00:00,,146.9,,SE
2022-06-02 09:00:00,,141.15,,SE
2022-06-02 12:00:00,,134.36,,SE
2022-06-02 15:00:00,,128.8,,SE
2022-06-02 18:00:00,,123.04,,SE
2022-06-02 21:00:00,,117.350006,,SE
2022-06-03 00:00:00,,116.22,,SE
2022-06-03 03:00:00,,116.72,,SE
2022-06-03 06:00:00,,118.0,,SE
2022-06-03 09:00:00,,128.28,,SE
2022-06-03 12:00:00,,132.23,,SE
2022-06-03 15:00:00,,135.37,,SE
2022-06-03 18:00:00,,140.36,,SE
2022-06-03 21:00:00,,150.67,,SE
2022-06-04 00:00:00,,161.15,,S
2022-06-04 03:00:00,,168.76,,S
2022-06-04 06:00:00,,174.59,,S
2022-06-04 09:00:00,,173.21,,S
2022-06-04 12:00:00,,169.33,,S
2022-06-04 15:00:00,,165.35,,S
2022-06-04 18:00:00,,162.9,,S
2022-06-04 21:00:00,,163.19,,S
2022-06-05 00:00:00,,163.79001,,S
2022-06-05 03:00:00,,164.45,,S
2022-06-05 06:00:00,,165.02,,S
2022-06-05 09:00:00,,163.89,,S
2022-06-05 12:00:00,,163.29001,,S
2022-06-05 15:00:00,,162.0,,S
2022-06-05 18:00:00,,160.95,,S
2022-06-05 21:00:00,,159.47,,S
2022-06-06 00:00:00,,158.39,,S
2022-06-06 03:00:00,,157.71,,S
2022-06-06 06:00:00,,156.41,,SE
2022-06-06 09:00:00,,155.8,,SE
2022-06-06 12:00:00,,155.89,,SE
2022-06-06 15:00:00,,155.39,,SE
2022-06-06 18:00:00,,154.16,,SE
2022-06-06 21:00:00,,153.07,,SE
2022-06-07 00:00:00,,151.49,,SE
2022-06-07 03:00:00,,149.35,,SE
2022-06-07 06:00:00,,146.74,,SE
2022-06-07 09:00:00,,146.17,,SE
2022-06-07 12:00:00,,145.14,,SE
2022-06-07 15:00:00,,144.69,,SE
2022-06-07 18:00:00,,142.77,,SE
2022-06-07 21:00:00,,140.63,,SE
2022-06-08 00:00:00,,139.45999,,SE
2022-06-08 03:00:00,,138.6,,SE
2022-06-08 06:00:00,,138.59,,SE
2022-06-08 09:00:00,,138.15,,SE
2022-06-08 12:00:00,,139.01001,,SE
2022-06-08 15:00:00,,140.74,,SE
2022-06-08 18:00:00,,137.78,,SE
2022-06-08 21:00:00,,136.62,,SE
2022-06-09 00:00:00,,137.0,,SE
2022-06-09 03:00:00,,137.78,,SE
2022-06-09 06:00:00,,141.58,,SE
2022-06-09 09:00:00,,144.42,,SE
2022-06-09 12:00:00,,145.99,,SE
2022-06-09 15:00:00,,146.79001,,SE
2022-06-09 18:00:00,,147.45999,,SE
2022-06-09 21:00:00,,149.43,,SE
2022-06-10 00:00:00,,151.71,,SE
2022-06-10 03:00:00,,153.81,,SE
2022-06-10 06:00:00,,155.62,,SE
2022-06-10 09:00:00,,157.73,,S
2022-06-10 12:00:00,,158.26,,S
2022-06-10 15:00:00,,158.9,,S
2022-06-10 18:00:00,,155.14,,SE
2022-06-10 21:00:00,,154.12,,SE
2022-06-11 00:00:00,,154.57,,SE
2022-06-11 03:00:00,,154.8,,SE
2022-06-11 06:00:00,,155.74,,SE
2022-06-11 09:00:00,,158.56,,S
2022-06-11 12:00:00,,163.8,,S
2022-06-11 15:00:00,,164.37,,S
2022-06-11 18:00:00,,164.69,,S
2022-06-11 21:00:00,,164.62,,S
2022-06-12 00:00:00,,163.03,,S
2022-06-12 03:00:00,,162.02,,S
2022-06-12 06:00:00,,161.4,,S
2022-06-12 09:00:00,,162.52,,S
2022-06-12 12:00:00,,163.3,,S
2022-06-12 15:00:00,,162.74,,S
2022-06-12 18:00:00,,162.69,,S
2022-06-12 21:00:00,,163.54001,,S
2022-06-13 00:00:00,,165.48,,S
2022-06-13 03:00:00,,169.09,,S
2022-06-13 06:00:00,,174.63,,S
2022-06-13 09:00:00,,178.23,,S
2022-06-13 12:00:00,,180.31,,S
2022-06-13 15:00:00,,181.13,,S
2022-06-13 18:00:00,,181.7,,S
2022-06-13 21:00:00,,181.16,,S
2022-06-14 00:00:00,,180.82,,S
2022-06-14 03:00:00,,181.6,,S
2022-06-14 06:00:00,,183.08,,S
2022-06-14 09:00:00,,179.49,,S
2022-06-14 12:00:00,,179.63,,S
2022-06-14 15:00:00,,178.57,,S
2022-06-14 18:00:00,,176.77,,S
2022-06-14 21:00:00,,175.1,,S
2022-06-15 00:00:00,,173.5,,S
2022-06-15 03:00:00,,172.33,,S
2022-06-15 06:00:00,,171.62,,S
2022-06-15 09:00:00,,171.11,,S
2022-06-15 12:00:00,,171.33,,S
2022-06-15 15:00:00,,170.61,,S
2022-06-15 18:00:00,,169.26,,S
2022-06-15 21:00:00,,167.2,,S
2022-06-16 00:00:00,,165.1,,S
2022-06-16 03:00:00,,163.48,,S
2022-06-16 06:00:00,,161.74,,S
2022-06-16 09:00:00,,160.24,,S
2022-06-16 12:00:00,,158.97,,S
2022-06-16 15:00:00,,157.85,,S
2022-06-16 18:00:00,,156.6,,SE
2022-06-16 21:00:00,,155.15,,SE
2022-06-17 00:00:00,,152.96,,SE
2022-06-17 03:00:00,,151.14,,SE
2022-06-17 06:00:00,,149.77,,SE
2022-06-17 09:00:00,,149.49,,SE
2022-06-17 12:00:00,,148.77,,SE
2022-06-17 15:00:00,,148.09,,SE
2022-06-17 18:00:00,,147.25,,SE
2022-06-17 21:00:00,,144.2,,SE
2022-06-18 00:00:00,,141.17,,SE
2022-06-18 03:00:00,,142.93,,SE
2022-06-18 06:00:00,,143.83,,SE
2022-06-18 09:00:00,,145.52,,SE
2022-06-18 12:00:00,,148.03,,SE
2022-06-18 15:00:00,,146.03,,SE
2022-06-18 18:00:00,,134.02,,SE
2022-06-18 21:00:00,,129.5,,SE
2022-06-19 00:00:00,,131.08,,SE
2022-06-19 03:00:00,,128.74,,SE
2022-06-19 06:00:00,,140.6,,SE
2022-06-19 09:00:00,,176.92,,S
2022-06-19 12:00:00,,179.95,,S
2022-06-19 15:00:00,,179.18,,S
2022-06-19 18:00:00,,176.4,,S
2022-06-19 21:00:00,,172.75,,S
2022-06-20 00:00:00,,170.0,,S
2022-06-20 03:00:00,,168.23,,S
2022-06-20 06:00:00,,163.06,,S
2022-06-20 09:00:00,,162.15,,S
2022-06-20 12:00:00,,162.94,,S
2022-06-20 15:00:00,,163.48,,S
2022-06-20 18:00:00,,164.22,,S
2022-06-20 21:00:00,,164.8,,S
2022-06-21 00:00:00,,165.39,,S
2022-06-21 03:00:00,,166.3,,S
2022-06-21 06:00:00,,167.67,,S
2022-06-21 09:00:00,,170.0,,S
2022-06-21 12:00:00,,170.07,,S
2022-06-21 15:00:00,,168.7,,S
2022-06-21 18:00:00,,167.8,,S
2022-06-21 21:00:00,,164.83,,S
2022-06-22 00:00:00,,161.76,,S
2022-06-22 03:00:00,,153.72,,SE
2022-06-22 06:00:00,,155.68,,SE
2022-06-22 09:00:00,,153.99,,SE
2022-06-22 12:00:00,,151.05,,SE
2022-06-22 15:00:00,,148.55,,SE
2022-06-22 18:00:00,,147.06,,SE
2022-06-22 21:00:00,,147.35,,SE
2022-06-23 00:00:00,,148.88,,SE
2022-06-23 03:00:00,,150.96,,SE
2022-06-23 06:00:00,,152.58,,SE
2022-06-23 09:00:00,,153.95,,SE
2022-06-23 12:00:00,,155.69,,SE
2022-06-23 15:00:00,,156.84,,SE
2022-06-23 18:00:00,,156.85,,SE
2022-06-23 21:00:00,,156.07,,SE
2022-06-24 00:00:00,,155.34,,SE
2022-06-24 03:00:00,,151.03,,SE
2022-06-24 06:00:00,,144.48,,SE
2022-06-24 09:00:00,,138.41,,SE
2022-06-24 12:00:00,,133.89,,SE
2022-06-24 15:00:00,,131.1,,SE
2022-06-24 18:00:00,,128.97,,SE
2022-06-24 21:00:00,,123.880005,,SE
2022-06-25 00:00:00,,123.92,,SE
2022-06-25 03:00:00,,118.14,,SE
2022-06-25 06:00:00,,114.21,,SE
2022-06-25 09:00:00,,113.82,,SE
2022-06-25 12:00:00,,115.33,,SE
2022-06-25 15:00:00,,116.020004,,SE
2022-06-25 18:00:00,,117.7,,SE
2022-06-25 21:00:00,,118.62,,SE
2022-06-26 00:00:00,,121.59,,SE
2022-06-26 03:00:00,,141.29001,,SE
2022-06-26 06:00:00,,163.42,,S
2022-06-26 09:00:00,,172.72,,S
2022-06-26 12:00:00,,176.0,,S
2022-06-26 15:00:00,,175.28,,S
2022-06-26 18:00:00,,171.6,,S
2022-06-26 21:00:00,,169.69,,S
2022-06-27 00:00:00,,168.81,,S
2022-06-27 03:00:00,,168.26,,S
2022-06-27 06:00:00,,168.0,,S
2022-06-27 09:00:00,,166.21,,S
2022-06-27 12:00:00,,167.4,,S
2022-06-27 15:00:00,,167.41,,S
2022-06-27 18:00:00,,166.28,,S
2022-06-27 21:00:00,,164.15,,S
2022-06-28 00:00:00,,161.4,,S
2022-06-28 03:00:00,,158.56,,S
2022-06-28 06:00:00,,155.84,,SE
2022-06-28 09:00:00,,155.35,,SE
2022-06-28 12:00:00,,155.27,,SE
2022-06-28 15:00:00,,155.29001,,SE
2022-06-28 18:00:00,,155.08,,SE
2022-06-28 21:00:00,,154.65,,SE
2022-06-29 00:00:00,,153.12,,SE
2022-06-29 03:00:00,,151.2,,SE
2022-06-29 06:00:00,,149.01,,SE
2022-06-29 09:00:00,,146.27,,SE
2022-06-29 12:00:00,,143.68,,SE
2022-06-29 15:00:00,,140.06,,SE
2022-06-29 18:00:00,,123.979996,,SE
2022-06-29 21:00:00,,111.15,,E
2022-06-30 00:00:00,,104.67,,E
2022-06-30 03:00:00,,107.26,,E
2022-06-30 06:00:00,,107.58,,E
2022-06-30 09:00:00,,106.53,,E
2022-06-30 12:00:00,,109.3,,E
2022-06-30 15:00:00,,117.11,,SE
2022-06-30 18:00:00,,136.35,,SE
2022-06-30 21:00:00,,154.36,,SE
2022-07-01 00:00:00,,156.79001,,SE
2022-07-01 03:00:00,,154.83,,SE
2022-07-01 06:00:00,,154.51,,SE
2022-07-01 09:00:00,,158.49,,S
2022-07-01 12:00:00,,161.4,,S
2022-07-01 15:00:00,,160.54001,,S
2022-07-01 18:00:00,,161.32,,S
2022-07-01 21:00:00,,163.51,,S
2022-07-02 00:00:00,,162.02,,S
2022-07-02 03:00:00,,158.95,,S
2022-07-02 06:00:00,,158.06,,S
2022-07-02 09:00:00,,155.9,,SE
2022-07-02 12:00:00,,153.8,,SE
2022-07-02 15:00:00,,149.94,,SE
2022-07-02 18:00:00,,140.15,,SE
2022-07-02 21:00:00,,131.21,,SE
2022-07-03 00:00:00,,129.28,,SE
2022-07-03 03:00:00,,131.31,,SE
2022-07-03 06:00:00,,134.8,,SE
2022-07-03 09:00:00,,136.91,,SE
2022-07-03 12:00:00,,139.11,,SE
2022-07-03 15:00:00,,137.26001,,SE
2022-07-03 18:00:00,,126.37,,SE
2022-07-03 21:00:00,,116.36,,SE
2022-07-04 00:00:00,,115.16,,SE
2022-07-04 03:00:00,,111.630005,,E
2022-07-04 06:00:00,,108.14,,E
2022-07-04 09:00:00,,106.37,,E
2022-07-04 12:00:00,,104.68,,E
2022-07-04 15:00:00,,99.78,,E
2022-07-04 18:00:00,,96.6,,E
2022-07-04 21:00:00,,94.590004,,E
2022-07-05 00:00:00,,92.810005,,E
2022-07-05 03:00:00,,91.14,,E
2022-07-05 06:00:00,,90.16,,E
2022-07-05 09:00:00,,89.15,,E
2022-07-05 12:00:00,,89.16,,E
2022-07-05 15:00:00,,90.48,,E
2022-07-05 18:00:00,,91.590004,,E
2022-07-05 21:00:00,,92.29,,E
2022-07-06 00:00:00,,94.37,,E
2022-07-06 03:00:00,,95.22,,E
2022-07-06 06:00:00,,97.3,,E
2022-07-06 09:00:00,,98.89,,E
2022-07-06 12:00:00,,100.01,,E
2022-07-06 15:00:00,,103.05,,E
2022-07-06 18:00:00,,105.590004,,E
2022-07-06 21:00:00,,109.060005,,E
2022-07-07 00:00:00,,111.33,,E
2022-07-07 03:00:00,,112.98,,SE
2022-07-07 06:00:00,,113.69,,SE
2022-07-07 09:00:00,,115.82,,SE
2022-07-07 12:00:00,,117.25,,SE
2022-07-07 15:00:00,,118.130005,,SE
2022-07-07 18:00:00,,119.490005,,SE
2022-07-07 21:00:00,,120.96001,,SE
2022-07-08 00:00:00,,121.37,,SE
2022-07-08 03:00:00,,122.490005,,SE
2022-07-08 06:00:00,,126.61,,SE
2022-07-08 09:00:00,,129.19,,SE
2022-07-08 12:00:00,,132.23,,SE
2022-07-08 15:00:00,,132.49,,SE
2022-07-08 18:00:00,,132.15,,SE
2022-07-08 21:00:00,,131.3,,SE
2022-07-09 00:00:00,,131.85,,SE
2022-07-09 03:00:00,,131.64,,SE
2022-07-09 06:00:00,,130.43,,SE
2022-07-09 09:00:00,,127.740005,,SE
2022-07-09 12:00:00,,124.39,,SE
2022-07-09 15:00:00,,117.92,,SE
2022-07-09 18:00:00,,111.090004,,E
2022-07-09 21:00:00,,107.8,,E
2022-07-10 00:00:00,,106.33,,E
2022-07-10 03:00:00,,106.07,,E
2022-07-10 06:00:00,,105.47,,E
2022-07-10 09:00:00,,109.76,,E
2022-07-10 12:00:00,,116.81,,SE
2022-07-10 15:00:00,,123.81,,SE
2022-07-10 18:00:00,,127.41,,SE
2022-07-10 21:00:00,,128.1,,SE
2022-07-11 00:00:00,,128.01001,,SE
2022-07-11 03:00:00,,127.990005,,SE
2022-07-11 06:00:00,,127.84,,SE
2022-07-11 09:00:00,,127.14,,SE
2022-07-11 12:00:00,,125.600006,,SE
2022-07-11 15:00:00,,121.26,,SE
2022-07-11 18:00:00,,115.07,,SE
2022-07-11 21:00:00,,108.91,,E
2022-07-12 00:00:00,,104.380005,,E
2022-07-12 03:00:00,,102.46,,E
2022-07-12 06:00:00,,102.03,,E
2022-07-12 09:00:00,,101.740005,,E
2022-07-12 12:00:00,,100.62,,E
2022-07-12 15:00:00,,99.020004,,E
2022-07-12 18:00:00,,95.200005,,E
2022-07-12 21:00:00,,94.090004,,E
2022-07-13 00:00:00,,94.62,,E
2022-07-13 03:00:00,,95.37,,E
2022-07-13 06:00:00,,97.380005,,E
2022-07-13 09:00:00,,97.11,,E
2022-07-13 12:00:00,,97.97,,E
2022-07-13 15:00:00,,96.79,,E
2022-07-13 18:00:00,,96.94,,E
2022-07-13 21:00:00,,96.67,,E
2022-07-14 00:00:00,,96.53,,E
2022-07-14 03:00:00,,96.83,,E
2022-07-14 06:00:00,,96.55,,E
2022-07-14 09:00:00,,97.9,,E
2022-07-14 12:00:00,,98.43,,E
2022-07-14 15:00:00,,101.19,,E
2022-07-14 18:00:00,,102.51,,E
2022-07-14 21:00:00,,105.64,,E
2022-07-15 00:00:00,,108.28,,E
2022-07-15 03:00:00,,111.21,,E
2022-07-15 06:00:00,,111.35,,E
2022-07-15 09:00:00,,112.72,,SE
2022-07-15 12:00:00,,113.58,,SE
2022-07-15 15:00:00,,115.48,,SE
2022-07-15 18:00:00,,116.67,,SE
2022-07-15 21:00:00,,117.54,,SE
2022-07-16 00:00:00,,120.08,,SE
2022-07-16 03:00:00,,122.39,,SE
2022-07-16 06:00:00,,124.53,,SE
2022-07-16 09:00:00,,125.89,,SE
2022-07-16 12:00:00,,127.14,,SE
2022-07-16 15:00:00,,127.32,,SE
2022-07-16 18:00:00,,123.18,,SE
2022-07-16 21:00:00,,119.8,,SE
2022-07-17 00:00:00,,118.09,,SE
2022-07-17 03:00:00,,115.14,,SE
2022-07-17 06:00:00,,114.66,,SE
2022-07-17 09:00:00,,118.0,,SE
2022-07-17 12:00:00,,122.39,,SE
2022-07-17 15:00:00,,123.62,,SE
2022-07-17 18:00:00,,122.64,,SE
2022-07-17 21:00:00,,124.490005,,SE
2022-07-18 00:00:00,,124.92,,SE
2022-07-18 03:00:00,,126.229996,,SE
2022-07-18 06:00:00,,127.66,,SE
2022-07-18 09:00:00,,127.95,,SE
2022-07-18 12:00:00,,127.14,,SE
2022-07-18 15:00:00,,125.12,,SE
2022-07-18 18:00:00,,123.86,,SE
2022-07-18 21:00:00,,122.380005,,SE
2022-07-19 00:00:00,,122.03,,SE
2022-07-19 03:00:00,,120.380005,,SE
2022-07-19 06:00:00,,119.46001,,SE
2022-07-19 09:00:00,,117.630005,,SE
2022-07-19 12:00:00,,116.490005,,SE
2022-07-19 15:00:00,,116.15,,SE
2022-07-19 18:00:00,,115.770004,,SE
2022-07-19 21:00:00,,115.810005,,SE
2022-07-20 00:00:00,,117.19,,SE
2022-07-20 03:00:00,,118.89,,SE
2022-07-20 06:00:00,,121.62,,SE
2022-07-20 09:00:00,,121.58,,SE
2022-07-20 12:00:00,,119.31,,SE
2022-07-20 15:00:00,,121.229996,,SE
2022-07-20 18:00:00,,122.87,,SE
2022-07-20 21:00:00,,127.29,,SE
2022-07-21 00:00:00,,130.97,,SE
2022-07-21 03:00:00,,130.62,,SE
2022-07-21 06:00:00,,126.16,,SE
2022-07-21 09:00:00,,127.08,,SE
2022-07-21 12:00:00,,127.94,,SE
2022-07-21 15:00:00,,129.47,,SE
2022-07-21 18:00:00,,133.66,,SE
2022-07-21 21:00:00,,141.03,,SE
2022-07-22 00:00:00,,148.44,,SE
2022-07-22 03:00:00,,152.8,,SE
2022-07-22 06:00:00,,153.82,,SE
2022-07-22 09:00:00,,152.53,,SE
2022-07-22 12:00:00,,149.17,,SE
2022-07-22 15:00:00,,144.48,,SE
2022-07-22 18:00:00,,139.94,,SE
2022-07-22 21:00:00,,135.1,,SE
2022-07-23 00:00:00,,130.62,,SE
2022-07-23 03:00:00,,126.12,,SE
2022-07-23 06:00:00,,123.83,,SE
2022-07-23 09:00:00,,121.46001,,SE
2022-07-23 12:00:00,,118.100006,,SE
2022-07-23 15:00:00,,115.48,,SE
2022-07-23 18:00:00,,113.69,,SE
2022-07-23 21:00:00,,111.3,,E
2022-07-24 00:00:00,,107.87,,E
2022-07-24 03:00:00,,107.17,,E
2022-07-24 06:00:00,,108.9,,E
2022-07-24 09:00:00,,111.41,,E
2022-07-24 12:00:00,,114.9,,SE
2022-07-24 15:00:00,,118.4,,SE
2022-07-24 18:00:00,,122.16,,SE
2022-07-24 21:00:00,,124.490005,,SE
2022-07-25 00:00:00,,126.130005,,SE
2022-07-25 03:00:00,,130.84,,SE
2022-07-25 06:00:00,,129.85,,SE
2022-07-25 09:00:00,,133.49,,SE
2022-07-25 12:00:00,,134.31,,SE
2022-07-25 15:00:00,,131.86,,SE
2022-07-25 18:00:00,,130.34,,SE
2022-07-25 21:00:00,,128.17,,SE
2022-07-26 00:00:00,,125.76,,SE
2022-07-26 03:00:00,,124.45,,SE
2022-07-26 06:00:00,,124.4,,SE
2022-07-26 09:00:00,,124.29,,SE
2022-07-26 12:00:00,,124.0,,SE
2022-07-26 15:00:00,,122.240005,,SE
2022-07-26 18:00:00,,121.100006,,SE
2022-07-26 21:00:00,,122.21001,,SE
2022-07-27 00:00:00,,123.380005,,SE
2022-07-27 03:00:00,,124.270004,,SE
2022-07-27 06:00:00,,122.229996,,SE
2022-07-27 09:00:00,,120.09,,SE
2022-07-27 12:00:00,,119.31,,SE
2022-07-27 15:00:00,,120.08,,SE
2022-07-27 18:00:00,,120.229996,,SE
2022-07-27 21:00:00,,119.44,,SE
2022-07-28 00:00:00,,119.84,,SE
2022-07-28 03:00:00,,119.9,,SE
2022-07-28 06:00:00,,118.64,,SE
2022-07-28 09:00:00,,117.130005,,SE
2022-07-28 12:00:00,,115.96,,SE
2022-07-28 15:00:00,,115.14,,SE
2022-07-28 18:00:00,,109.71,,E
2022-07-28 21:00:00,,106.07,,E
2022-07-29 00:00:00,,102.94,,E
2022-07-29 03:00:00,,107.14,,E
2022-07-29 06:00:00,,109.520004,,E
2022-07-29 09:00:00,,108.94,,E
2022-07-29 12:00:00,,107.41,,E
2022-07-29 15:00:00,,103.310005,,E
2022-07-29 18:00:00,,83.72,,E
2022-07-29 21:00:00,,83.58,,E
2022-07-30 00:00:00,,88.630005,,E
2022-07-30 03:00:00,,99.51,,E
2022-07-30 06:00:00,,120.12,,SE
2022-07-30 09:00:00,,154.82,,SE
2022-07-30 12:00:00,,161.45,,S
2022-07-30 15:00:00,,161.79001,,S
2022-07-30 18:00:00,,162.46,,S
2022-07-30 21:00:00,,164.14,,S
2022-07-31 00:00:00,,168.36,,S
2022-07-31 03:00:00,,173.52,,S
2022-07-31 06:00:00,,176.34,,S
2022-07-31 09:00:00,,176.85,,S
2022-07-31 12:00:00,,176.94,,S
2022-07-31 15:00:00,,176.09,,S
2022-07-31 18:00:00,,174.75,,S
2022-07-31 21:00:00,,173.5,,S
2022-08-01 00:00:00,,172.33,,S
2022-08-01 03:00:00,,171.26,,S
2022-08-01 06:00:00,,170.36,,S
2022-08-01 09:00:00,,168.7,,S
2022-08-01 12:00:00,,167.02,,S
2022-08-01 15:00:00,,165.45,,S
2022-08-01 18:00:00,,164.93,,S
2022-08-01 21:00:00,,163.28,,S
2022-08-02 00:00:00,,158.8,,S
2022-08-02 03:00:00,,149.73,,SE
2022-08-02 06:00:00,,145.05,,SE
2022-08-02 09:00:00,,146.62,,SE
2022-08-02 12:00:00,,150.84,,SE
2022-08-02 15:00:00,,151.72,,SE
2022-08-02 18:00:00,,145.14,,SE
2022-08-02 21:00:00,,141.17,,SE
2022-08-03 00:00:00,,136.31,,SE
2022-08-03 03:00:00,,137.84,,SE
2022-08-03 06:00:00,,142.82,,SE
2022-08-03 09:00:00,,147.38,,SE
2022-08-03 12:00:00,,149.86,,SE
2022-08-03 15:00:00,,153.26,,SE
2022-08-03 18:00:00,,155.71,,SE
2022-08-03 21:00:00,,157.73,,S
2022-08-04 00:00:00,,159.75,,S
2022-08-04 03:00:00,,160.57,,S
2022-08-04 06:00:00,,161.02,,S
2022-08-04 09:00:00,,160.2,,S
2022-08-04 12:00:00,,159.26,,S
2022-08-04 15:00:00,,157.5,,S
2022-08-04 18:00:00,,151.27,,SE
2022-08-04 21:00:00,,146.12,,SE
2022-08-05 00:00:00,,143.61,,SE
2022-08-05 03:00:00,,140.38,,SE
2022-08-05 06:00:00,,140.72,,SE
2022-08-05 09:00:00,,144.57,,SE
2022-08-05 12:00:00,,144.65,,SE
2022-08-05 15:00:00,,142.74,,SE
2022-08-05 18:00:00,,121.72,,SE
2022-08-05 21:00:00,,106.72,,E
2022-08-06 00:00:00,,101.520004,,E
2022-08-06 03:00:00,,107.4,,E
2022-08-06 06:00:00,,118.01,,SE
2022-08-06 09:00:00,,134.28,,SE
2022-08-06 12:00:00,,174.6,,S
2022-08-06 15:00:00,,176.88,,S
2022-08-06 18:00:00,,174.48,,S
2022-08-06 21:00:00,,168.32,,S
2022-08-07 00:00:00,,163.28,,S
2022-08-07 03:00:00,,160.19,,S
2022-08-07 06:00:00,,159.49,,S
2022-08-07 09:00:00,,160.8,,S
2022-08-07 12:00:00,,161.85,,S
2022-08-07 15:00:00,,162.59,,S
2022-08-07 18:00:00,,154.76,,SE
2022-08-07 21:00:00,,136.22,,SE
2022-08-08 00:00:00,,124.16,,SE
2022-08-08 03:00:00,,118.5,,SE
2022-08-08 06:00:00,,118.11,,SE
2022-08-08 09:00:00,,117.94,,SE
2022-08-08 12:00:00,,117.270004,,SE
2022-08-08 15:00:00,,107.87,,E
2022-08-08 18:00:00,,98.310005,,E
2022-08-08 21:00:00,,107.3,,E
2022-08-09 00:00:00,,123.62,,SE
2022-08-09 03:00:00,,133.45,,SE
2022-08-09 06:00:00,,143.26001,,SE
2022-08-09 09:00:00,,150.92,,SE
2022-08-09 12:00:00,,155.73,,SE
2022-08-09 15:00:00,,157.85,,S
2022-08-09 18:00:00,,158.6,,S
2022-08-09 21:00:00,,158.55,,S
2022-08-10 00:00:00,,158.45,,S
2022-08-10 03:00:00,,157.3,,SE
2022-08-10 06:00:00,,156.34,,SE
2022-08-10 09:00:00,,154.29001,,SE
2022-08-10 12:00:00,,152.38,,SE
2022-08-10 15:00:00,,144.5,,SE
2022-08-10 18:00:00,,123.55,,SE
2022-08-10 21:00:00,,112.54,,SE
2022-08-11 00:00:00,,105.78,,E
2022-08-11 03:00:00,,110.950005,,E
2022-08-11 06:00:00,,126.75,,SE
2022-08-11 09:00:00,,135.1,,SE
2022-08-11 12:00:00,,142.27,,SE
2022-08-11 15:00:00,,155.05,,SE
2022-08-11 18:00:00,,160.19,,S
2022-08-11 21:00:00,,165.04,,S
2022-08-12 00:00:00,,172.63,,S
2022-08-12 03:00:00,,177.56,,S
2022-08-12 06:00:00,,180.0,,S
2022-08-12 09:00:00,,179.34,,S
2022-08-12 12:00:00,,176.4,,S
2022-08-12 15:00:00,,173.33,,S
2022-08-12 18:00:00,,169.31,,S
2022-08-12 21:00:00,,165.94,,S
2022-08-13 00:00:00,,163.2,,S
2022-08-13 03:00:00,,160.96,,S
2022-08-13 06:00:00,,158.97,,S
2022-08-13 09:00:00,,156.97,,SE
2022-08-13 12:00:00,,155.02,,SE
2022-08-13 15:00:00,,153.52,,SE
2022-08-13 18:00:00,,152.16,,SE
2022-08-13 21:00:00,,151.16,,SE
2022-08-14 00:00:00,,150.01,,SE
2022-08-14 03:00:00,,148.98,,SE
2022-08-14 06:00:00,,148.2,,SE
2022-08-14 09:00:00,,147.03,,SE
2022-08-14 12:00:00,,146.03,,SE
2022-08-14 15:00:00,,145.16,,SE
2022-08-14 18:00:00,,144.72,,SE
2022-08-14 21:00:00,,143.95999,,SE
2022-08-15 00:00:00,,142.87,,SE
2022-08-15 03:00:00,,141.44,,SE
2022-08-15 06:00:00,,140.24,,SE
2022-08-15 09:00:00,,138.14,,SE
2022-08-15 12:00:00,,135.62,,SE
2022-08-15 15:00:00,,133.99,,SE
2022-08-15 18:00:00,,132.08,,SE
2022-08-15 21:00:00,,130.63,,SE
2022-08-16 00:00:00,,128.36,,SE
2022-08-16 03:00:00,,126.92,,SE
2022-08-16 06:00:00,,125.15,,SE
2022-08-16 09:00:00,,123.64,,SE
2022-08-16 12:00:00,,122.16,,SE
2022-08-16 15:00:00,,119.78,,SE
2022-08-16 18:00:00,,115.87,,SE
2022-08-16 21:00:00,,112.700005,,SE
2022-08-17 00:00:00,,110.23,,E
2022-08-17 03:00:00,,110.4,,E
2022-08-17 06:00:00,,112.66,,SE
2022-08-17 09:00:00,,112.92,,SE
2022-08-17 12:00:00,,111.85,,E
2022-08-17 15:00:00,,108.19,,E
2022-08-17 18:00:00,,102.21,,E
2022-08-17 21:00:00,,100.58,,E
2022-08-18 00:00:00,,100.85,,E
2022-08-18 03:00:00,,100.39,,E
2022-08-18 06:00:00,,99.15,,E
2022-08-18 09:00:00,,95.990005,,E
2022-08-18 12:00:00,,92.07,,E
2022-08-18 15:00:00,,89.46,,E
2022-08-18 18:00:00,,87.8,,E
2022-08-18 21:00:00,,89.420006,,E
2022-08-19 00:00:00,,90.310005,,E
2022-08-19 03:00:00,,93.9,,E
2022-08-19 06:00:00,,96.810005,,E
2022-08-19 09:00:00,,97.87,,E
2022-08-19 12:00:00,,98.37,,E
2022-08-19 15:00:00,,98.97,,E
2022-08-19 18:00:00,,99.76,,E
2022-08-19 21:00:00,,102.03,,E
2022-08-20 00:00:00,,109.71,,E
2022-08-20 03:00:00,,137.52,,SE
2022-08-20 06:00:00,,170.66,,S
2022-08-20 09:00:00,,174.32,,S
2022-08-20 12:00:00,,171.98,,S
2022-08-20 15:00:00,,167.74,,S
2022-08-20 18:00:00,,166.11,,S
2022-08-20 21:00:00,,166.23,,S
2022-08-21 00:00:00,,165.76,,S
2022-08-21 03:00:00,,164.72,,S
2022-08-21 06:00:00,,163.18,,S
2022-08-21 09:00:00,,160.91,,S
2022-08-21 12:00:00,,158.84,,S
2022-08-21 15:00:00,,158.8,,S
2022-08-21 18:00:00,,160.31,,S
2022-08-21 21:00:00,,158.65,,S
2022-08-22 00:00:00,,155.36,,SE
2022-08-22 03:00:00,,151.62,,SE
2022-08-22 06:00:00,,146.67,,SE
2022-08-22 09:00:00,,144.09,,SE
2022-08-22 12:00:00,,143.28,,SE
2022-08-22 15:00:00,,142.27,,SE
2022-08-22 18:00:00,,143.19,,SE
2022-08-22 21:00:00,,140.94,,SE
2022-08-23 00:00:00,,144.47,,SE
2022-08-23 03:00:00,,145.73,,SE
2022-08-23 06:00:00,,144.41,,SE
2022-08-23 09:00:00,,144.81,,SE
2022-08-23 12:00:00,,147.12,,SE
2022-08-23 15:00:00,,147.92,,SE
2022-08-23 18:00:00,,147.57,,SE
2022-08-23 21:00:00,,145.97,,SE
2022-08-24 00:00:00,,143.54001,,SE
2022-08-24 03:00:00,,141.35,,SE
2022-08-24 06:00:00,,138.65,,SE
2022-08-24 09:00:00,,136.97,,SE
2022-08-24 12:00:00,,135.05,,SE
2022-08-24 15:00:00,,134.87,,SE
2022-08-24 18:00:00,,134.19,,SE
2022-08-24 21:00:00,,133.31,,SE
2022-08-25 00:00:00,,132.32,,SE
2022-08-25 03:00:00,,132.78,,SE
2022-08-25 06:00:00,,130.34,,SE
2022-08-25 09:00:00,,131.02,,SE
2022-08-25 12:00:00,,131.63,,SE
2022-08-25 15:00:00,,130.65,,SE
2022-08-25 18:00:00,,129.69,,SE
2022-08-25 21:00:00,,128.91,,SE
2022-08-26 00:00:00,,127.850006,,SE
2022-08-26 03:00:00,,127.100006,,SE
2022-08-26 06:00:00,,126.87,,SE
2022-08-26 09:00:00,,126.770004,,SE
2022-08-26 12:00:00,,126.600006,,SE
2022-08-26 15:00:00,,126.95,,SE
2022-08-26 18:00:00,,125.520004,,SE
2022-08-26 21:00:00,,122.9,,SE
2022-08-27 00:00:00,,120.15,,SE
2022-08-27 03:00:00,,117.72,,SE
2022-08-27 06:00:00,,116.3,,SE
2022-08-27 09:00:00,,115.58,,SE
2022-08-27 12:00:00,,114.630005,,SE
2022-08-27 15:00:00,,113.68,,SE
2022-08-27 18:00:00,,111.36,,E
2022-08-27 21:00:00,,109.520004,,E
2022-08-28 00:00:00,,108.15,,E
2022-08-28 03:00:00,,106.840004,,E
2022-08-28 06:00:00,,105.75,,E
2022-08-28 09:00:00,,104.73,,E
2022-08-28 12:00:00,,103.83,,E
2022-08-28 15:00:00,,102.04,,E
2022-08-28 18:00:00,,100.380005,,E
2022-08-28 21:00:00,,98.840004,,E
2022-08-29 00:00:00,,99.04,,E
2022-08-29 03:00:00,,98.14,,E
2022-08-29 06:00:00,,96.990005,,E
2022-08-29 09:00:00,,97.69,,E
2022-08-29 12:00:00,,114.14,,SE
2022-08-29 15:00:00,,151.56,,SE
2022-08-29 18:00:00,,171.51,,S
2022-08-29 21:00:00,,175.4,,S
2022-08-30 00:00:00,,177.74,,S
2022-08-30 03:00:00,,177.1,,S
2022-08-30 06:00:00,,174.94,,S
2022-08-30 09:00:00,,172.71,,S
2022-08-30 12:00:00,,171.33,,S
2022-08-30 15:00:00,,169.92,,S
2022-08-30 18:00:00,,169.26,,S
2022-08-30 21:00:00,,168.46,,S
2022-08-31 00:00:00,,166.59,,S
2022-08-31 03:00:00,,163.89,,S
2022-08-31 06:00:00,,161.35,,S
2022-08-31 09:00:00,,160.06,,S
2022-08-31 12:00:00,,155.35,,SE
2022-08-31 15:00:00,,154.21,,SE
2022-08-31 18:00:00,,153.61,,SE
2022-08-31 21:00:00,,152.83,,SE
2022-09-01 00:00:00,,151.33,,SE
2022-09-01 03:00:00,,148.14,,SE
2022-09-01 06:00:00,,145.76001,,SE
2022-09-01 09:00:00,,145.02,,SE
2022-09-01 12:00:00,,145.35,,SE
2022-09-01 15:00:00,,145.0,,SE
2022-09-01 18:00:00,,143.89,,SE
2022-09-01 21:00:00,,141.09,,SE
2022-09-02 00:00:00,,137.62,,SE
2022-09-02 03:00:00,,134.71,,SE
2022-09-02 06:00:00,,131.56,,SE
2022-09-02 09:00:00,,128.96,,SE
2022-09-02 12:00:00,,126.33,,SE
2022-09-02 15:00:00,,123.84,,SE
2022-09-02 18:00:00,,122.39,,SE
2022-09-02 21:00:00,,121.4,,SE
2022-09-03 00:00:00,,116.05,,SE
2022-09-03 03:00:00,,112.65,,SE
2022-09-03 06:00:00,,112.75,,SE
2022-09-03 09:00:00,,113.590004,,SE
2022-09-03 12:00:00,,112.130005,,E
2022-09-03 15:00:00,,104.630005,,E
2022-09-03 18:00:00,,86.46,,E
2022-09-03 21:00:00,,80.420006,,E
2022-09-04 00:00:00,,79.0,,E
2022-09-04 03:00:00,,81.5,,E
2022-09-04 06:00:00,,85.76,,E
2022-09-04 09:00:00,,88.920006,,E
2022-09-04 12:00:00,,92.73,,E
2022-09-04 15:00:00,,110.3,,E
2022-09-04 18:00:00,,161.47,,S
2022-09-04 21:00:00,,172.13,,S
2022-09-05 00:00:00,,169.01,,S
2022-09-05 03:00:00,,166.83,,S
2022-09-05 06:00:00,,164.89,,S
2022-09-05 09:00:00,,162.36,,S
2022-09-05 12:00:00,,158.1,,S
2022-09-05 15:00:00,,155.51,,SE
2022-09-05 18:00:00,,154.27,,SE
2022-09-05 21:00:00,,154.64,,SE
2022-09-06 00:00:00,,156.0,,SE
2022-09-06 03:00:00,,155.34,,SE
2022-09-06 06:00:00,,158.43,,S
2022-09-06 09:00:00,,159.24,,S
2022-09-06 12:00:00,,158.27,,S
2022-09-06 15:00:00,,157.74,,S
2022-09-06 18:00:00,,156.97,,SE
2022-09-06 21:00:00,,154.67,,SE
2022-09-07 00:00:00,,149.53,,SE
2022-09-07 03:00:00,,144.45999,,SE
2022-09-07 06:00:00,,139.38,,SE
2022-09-07 09:00:00,,134.87,,SE
2022-09-07 12:00:00,,133.42,,SE
2022-09-07 15:00:00,,127.600006,,SE
2022-09-07 18:00:00,,125.240005,,SE
2022-09-07 21:00:00,,124.100006,,SE
2022-09-08 00:00:00,,123.15,,SE
2022-09-08 03:00:00,,121.5,,SE
2022-09-08 06:00:00,,119.69,,SE
2022-09-08 09:00:00,,118.240005,,SE
2022-09-08 12:00:00,,116.94,,SE
2022-09-08 15:00:00,,115.22,,SE
2022-09-08 18:00:00,,112.18,,E
2022-09-08 21:00:00,,109.76,,E
2022-09-09 00:00:00,,106.450005,,E
2022-09-09 03:00:00,,104.73,,E
2022-09-09 06:00:00,,104.51,,E
2022-09-09 09:00:00,,104.060005,,E
2022-09-09 12:00:00,,104.060005,,E
2022-09-09 15:00:00,,102.65,,E
2022-09-09 18:00:00,,92.29,,E
2022-09-09 21:00:00,,87.740005,,E
2022-09-10 00:00:00,,86.26,,E
2022-09-10 03:00:00,,87.310005,,E
2022-09-10 06:00:00,,90.44,,E
2022-09-10 09:00:00,,91.43,,E
2022-09-10 12:00:00,,90.51,,E
2022-09-10 15:00:00,,85.29,,E
2022-09-10 18:00:00,,76.310005,,E
2022-09-10 21:00:00,,76.51,,E
2022-09-11 00:00:00,,77.76,,E
2022-09-11 03:00:00,,78.630005,,E
2022-09-11 06:00:00,,83.72,,E
2022-09-11 09:00:00,,89.96,,E
2022-09-11 12:00:00,,98.96,,E
2022-09-11 15:00:00,,127.89,,SE
2022-09-11 18:00:00,,168.96,,S
2022-09-11 21:00:00,,171.78,,S
2022-09-12 00:00:00,,169.27,,S
2022-09-12 03:00:00,,165.99,,S
2022-09-12 06:00:00,,164.24,,S
2022-09-12 09:00:00,,164.78,,S
2022-09-12 12:00:00,,166.03,,S
2022-09-12 15:00:00,,168.71,,S
2022-09-12 18:00:00,,170.49,,S
2022-09-12 21:00:00,,169.47,,S
2022-09-13 00:00:00,,167.91,,S
2022-09-13 03:00:00,,165.02,,S
2022-09-13 06:00:00,,165.91,,S
2022-09-13 09:00:00,,167.85,,S
2022-09-13 12:00:00,,171.98,,S
2022-09-13 15:00:00,,170.43,,S
2022-09-13 18:00:00,,161.2,,S
2022-09-13 21:00:00,,155.69,,SE
2022-09-14 00:00:00,,155.11,,SE
2022-09-14 03:00:00,,154.02,,SE
2022-09-14 06:00:00,,152.17,,SE
2022-09-14 09:00:00,,151.3,,SE
2022-09-14 12:00:00,,150.68,,SE
2022-09-14 15:00:00,,150.04001,,SE
2022-09-14 18:00:00,,141.63,,SE
2022-09-14 21:00:00,,145.3,,SE
2022-09-15 00:00:00,,152.35,,SE
2022-09-15 03:00:00,,156.58,,SE
2022-09-15 06:00:00,,160.17,,S
2022-09-15 09:00:00,,166.36,,S
2022-09-15 12:00:00,,168.37,,S
2022-09-15 15:00:00,,168.18,,S
2022-09-15 18:00:00,,165.28,,S
2022-09-15 21:00:00,,163.86,,S
2022-09-16 00:00:00,,160.99,,S
2022-09-16 03:00:00,,159.32,,S
2022-09-16 06:00:00,,158.19,,S
2022-09-16 09:00:00,,157.22,,SE
2022-09-16 12:00:00,,156.58,,SE
2022-09-16 15:00:00,,157.01,,SE
2022-09-16 18:00:00,,157.08,,SE
2022-09-16 21:00:00,,158.47,,S
2022-09-17 00:00:00,,162.46,,S
2022-09-17 03:00:00,,169.22,,S
2022-09-17 06:00:00,,174.08,,S
2022-09-17 09:00:00,,173.79,,S
2022-09-17 12:00:00,,171.52,,S
2022-09-17 15:00:00,,171.05,,S
2022-09-17 18:00:00,,172.35,,S
2022-09-17 21:00:00,,174.85,,S
2022-09-18 00:00:00,,172.02,,S
2022-09-18 03:00:00,,170.57,,S
2022-09-18 06:00:00,,170.07,,S
2022-09-18 09:00:00,,169.86,,S
2022-09-18 12:00:00,,169.14,,S
2022-09-18 15:00:00,,166.9,,S
2022-09-18 18:00:00,,164.6,,S
2022-09-18 21:00:00,,162.47,,S
2022-09-19 00:00:00,,160.84,,S
2022-09-19 03:00:00,,158.91,,S
2022-09-19 06:00:00,,157.12,,SE
2022-09-19 09:00:00,,155.65,,SE
2022-09-19 12:00:00,,154.53,,SE
2022-09-19 15:00:00,,153.55,,SE
2022-09-19 18:00:00,,152.15,,SE
2022-09-19 21:00:00,,150.9,,SE
2022-09-20 00:00:00,,149.76,,SE
2022-09-20 03:00:00,,148.82,,SE
2022-09-20 06:00:00,,147.74,,SE
2022-09-20 09:00:00,,146.02,,SE
2022-09-20 12:00:00,,144.55,,SE
2022-09-20 15:00:00,,143.22,,SE
2022-09-20 18:00:00,,134.17,,SE
2022-09-20 21:00:00,,126.83,,SE
2022-09-21 00:00:00,,124.01,,SE
2022-09-21 03:00:00,,124.11,,SE
2022-09-21 06:00:00,,124.380005,,SE
2022-09-21 09:00:00,,123.28,,SE
2022-09-21 12:00:00,,122.28,,SE
2022-09-21 15:00:00,,119.0,,SE
2022-09-21 18:00:00,,104.69,,E
2022-09-21 21:00:00,,98.43,,E
2022-09-22 00:00:00,,99.73,,E
2022-09-22 03:00:00,,97.28,,E
2022-09-22 06:00:00,,90.83,,E
2022-09-22 09:00:00,,86.46,,E
2022-09-22 12:00:00,,83.87,,E
2022-09-22 15:00:00,,70.21,,E
2022-09-22 18:00:00,,57.07,,NE
2022-09-22 21:00:00,,59.590004,,NE
2022-09-23 00:00:00,,65.61,,NE
2022-09-23 03:00:00,,70.93,,E
2022-09-23 06:00:00,,70.450005,,E
2022-09-23 09:00:00,,72.08,,E
2022-09-23 12:00:00,,77.28,,E
2022-09-23 15:00:00,,82.14,,E
2022-09-23 18:00:00,,87.26,,E
2022-09-23 21:00:00,,102.060005,,E
2022-09-24 00:00:00,,137.17,,SE
2022-09-24 03:00:00,,164.26,,S
2022-09-24 06:00:00,,176.57,,S
2022-09-24 09:00:00,,177.94,,S
2022-09-24 12:00:00,,177.71,,S
2022-09-24 15:00:00,,175.53,,S
2022-09-24 18:00:00,,174.27,,S
2022-09-24 21:00:00,,173.63,,S
2022-09-25 00:00:00,,171.46,,S
2022-09-25 03:00:00,,167.65,,S
2022-09-25 06:00:00,,164.89,,S
2022-09-25 09:00:00,,161.69,,S
2022-09-25 12:00:00,,158.27,,S
2022-09-25 15:00:00,,152.96,,SE
2022-09-25 18:00:00,,149.32,,SE
2022-09-25 21:00:00,,146.42,,SE
2022-09-26 00:00:00,,143.93,,SE
2022-09-26 03:00:00,,141.92,,SE
2022-09-26 06:00:00,,142.52,,SE
2022-09-26 09:00:00,,145.84,,SE
2022-09-26 12:00:00,,147.67,,SE
2022-09-26 15:00:00,,150.79001,,SE
2022-09-26 18:00:00,,150.29001,,SE
2022-09-26 21:00:00,,148.86,,SE
2022-09-27 00:00:00,,146.86,,SE
2022-09-27 03:00:00,,146.01001,,SE
2022-09-27 06:00:00,,145.47,,SE
2022-09-27 09:00:00,,148.51,,SE
2022-09-27 12:00:00,,144.55,,SE
2022-09-27 15:00:00,,136.84,,SE
2022-09-27 18:00:00,,121.09,,SE
2022-09-27 21:00:00,,114.310005,,SE
2022-09-28 00:00:00,,112.1,,E
2022-09-28 03:00:00,,111.700005,,E
2022-09-28 06:00:00,,115.07,,SE
2022-09-28 09:00:00,,119.59,,SE
2022-09-28 12:00:00,,122.89,,SE
2022-09-28 15:00:00,,118.28,,SE
2022-09-28 18:00:00,,101.450005,,E
2022-09-28 21:00:00,,106.21,,E
2022-09-29 00:00:00,,116.81,,SE
2022-09-29 03:00:00,,120.11,,SE
2022-09-29 06:00:00,,123.42,,SE
2022-09-29 09:00:00,,142.81,,SE
2022-09-29 12:00:00,,167.27,,S
2022-09-29 15:00:00,,173.04,,S
2022-09-29 18:00:00,,174.51,,S
2022-09-29 21:00:00,,174.56,,S
2022-09-30 00:00:00,,171.42,,S
2022-09-30 03:00:00,,168.27,,S
2022-09-30 06:00:00,,164.91,,S
2022-09-30 09:00:00,,161.87,,S
2022-09-30 12:00:00,,159.66,,S
2022-09-30 15:00:00,,159.7,,S
2022-09-30 18:00:00,,160.27,,S
2022-09-30 21:00:00,,160.31,,S
2022-10-01 00:00:00,,160.48,,S
2022-10-01 03:00:00,,161.66,,S
2022-10-01 06:00:00,,162.0,,S
2022-10-01 09:00:00,,161.55,,S
2022-10-01 12:00:00,,160.88,,S
2022-10-01 15:00:00,,160.38,,S
2022-10-01 18:00:00,,159.71,,S
2022-10-01 21:00:00,,160.01,,S
2022-10-02 00:00:00,,160.36,,S
2022-10-02 03:00:00,,160.67,,S
2022-10-02 06:00:00,,161.12,,S
2022-10-02 09:00:00,,161.73,,S
2022-10-02 12:00:00,,162.06,,S
2022-10-02 15:00:00,,162.19,,S
2022-10-02 18:00:00,,158.25,,S
2022-10-02 21:00:00,,155.13,,SE
2022-10-03 00:00:00,,155.27,,SE
2022-10-03 03:00:00,,155.02,,SE
2022-10-03 06:00:00,,154.51,,SE
2022-10-03 09:00:00,,153.05,,SE
2022-10-03 12:00:00,,151.71,,SE
2022-10-03 15:00:00,,147.32,,SE
2022-10-03 18:00:00,,141.53,,SE
2022-10-03 21:00:00,,140.52,,SE
2022-10-04 00:00:00,,142.48,,SE
2022-10-04 03:00:00,,145.72,,SE
2022-10-04 06:00:00,,146.51001,,SE
2022-10-04 09:00:00,,143.74,,SE
2022-10-04 12:00:00,,139.15,,SE
2022-10-04 15:00:00,,129.51001,,SE
2022-10-04 18:00:00,,108.450005,,E
2022-10-04 21:00:00,,111.26,,E
2022-10-05 00:00:00,,116.04,,SE
2022-10-05 03:00:00,,115.01,,SE
2022-10-05 06:00:00,,115.700005,,SE
2022-10-05 09:00:00,,121.37,,SE
2022-10-05 12:00:00,,123.61,,SE
2022-10-05 15:00:00,,127.82,,SE
2022-10-05 18:00:00,,129.21,,SE
2022-10-05 21:00:00,,124.990005,,SE
2022-10-06 00:00:00,,117.19,,SE
2022-10-06 03:00:00,,123.0,,SE
2022-10-06 06:00:00,,131.35,,SE
2022-10-06 09:00:00,,138.13,,SE
2022-10-06 12:00:00,,142.81,,SE
2022-10-06 15:00:00,,146.13,,SE
2022-10-06 18:00:00,,139.39,,SE
2022-10-06 21:00:00,,129.8,,SE
2022-10-07 00:00:00,,124.86,,SE
2022-10-07 03:00:00,,117.17,,SE
2022-10-07 06:00:00,,107.020004,,E
2022-10-07 09:00:00,,86.3,,E
2022-10-07 12:00:00,,70.73,,E
2022-10-07 15:00:00,,66.450005,,NE
2022-10-07 18:00:00,,68.76,,E
2022-10-07 21:00:00,,70.990005,,E
2022-10-08 00:00:00,,72.600006,,E
2022-10-08 03:00:00,,73.850006,,E
2022-10-08 06:00:00,,79.3,,E
2022-10-08 09:00:00,,83.810005,,E
2022-10-08 12:00:00,,86.490005,,E
2022-10-08 15:00:00,,87.89,,E
2022-10-08 18:00:00,,88.61,,E
2022-10-08 21:00:00,,90.630005,,E
2022-10-09 00:00:00,,92.82,,E
2022-10-09 03:00:00,,94.590004,,E
2022-10-09 06:00:00,,95.380005,,E
2022-10-09 09:00:00,,91.490005,,E
2022-10-09 12:00:00,,81.72,,E
2022-10-09 15:00:00,,79.590004,,E
2022-10-09 18:00:00,,81.48,,E
2022-10-09 21:00:00,,91.51,,E
2022-10-10 00:00:00,,99.75,,E
2022-10-10 03:00:00,,102.950005,,E
2022-10-10 06:00:00,,107.87,,E
2022-10-10 09:00:00,,111.07,,E
2022-10-10 12:00:00,,111.450005,,E
2022-10-10 15:00:00,,106.35,,E
2022-10-10 18:00:00,,93.380005,,E
2022-10-10 21:00:00,,93.380005,,E
2022-10-11 00:00:00,,96.270004,,E
2022-10-11 03:00:00,,98.01,,E
2022-10-11 06:00:00,,99.270004,,E
2022-10-11 09:00:00,,99.950005,,E
2022-10-11 12:00:00,,105.11,,E
2022-10-11 15:00:00,,103.41,,E
2022-10-11 18:00:00,,109.97,,E
2022-10-11 21:00:00,,130.57,,SE
2022-10-12 00:00:00,,138.12,,SE
2022-10-12 03:00:00,,134.91,,SE
2022-10-12 06:00:00,,133.21,,SE
2022-10-12 09:00:00,,134.76001,,SE
2022-10-12 12:00:00,,132.32,,SE
2022-10-12 15:00:00,,127.22,,SE
2022-10-12 18:00:00,,116.39,,SE
2022-10-12 21:00:00,,111.130005,,E
2022-10-13 00:00:00,,107.04,,E
2022-10-13 03:00:00,,105.060005,,E
2022-10-13 06:00:00,,106.340004,,E
2022-10-13 09:00:00,,106.98,,E
2022-10-13 12:00:00,,107.9,,E
2022-10-13 15:00:00,,106.37,,E
2022-10-13 18:00:00,,101.91,,E
2022-10-13 21:00:00,,100.5,,E
2022-10-14 00:00:00,,104.89,,E
2022-10-14 03:00:00,,106.560005,,E
2022-10-14 06:00:00,,112.54,,SE
2022-10-14 09:00:00,,118.240005,,SE
2022-10-14 12:00:00,,122.270004,,SE
2022-10-14 15:00:00,,122.34,,SE
2022-10-14 18:00:00,,120.350006,,SE
2022-10-14 21:00:00,,118.89,,SE
2022-10-15 00:00:00,,115.700005,,SE
2022-10-15 03:00:00,,113.810005,,SE
2022-10-15 06:00:00,,115.880005,,SE
2022-10-15 09:00:00,,118.67,,SE
2022-10-15 12:00:00,,123.22,,SE
2022-10-15 15:00:00,,126.19,,SE
2022-10-15 18:00:00,,123.740005,,SE
2022-10-15 21:00:00,,127.41,,SE
2022-10-16 00:00:00,,132.93,,SE
2022-10-16 03:00:00,,136.67,,SE
2022-10-16 06:00:00,,137.47,,SE
2022-10-16 09:00:00,,136.57,,SE
2022-10-16 12:00:00,,135.83,,SE
2022-10-16 15:00:00,,136.12,,SE
2022-10-16 18:00:00,,137.81,,SE
2022-10-16 21:00:00,,140.35,,SE
2022-10-17 00:00:00,,141.25,,SE
2022-10-17 03:00:00,,140.97,,SE
2022-10-17 06:00:00,,143.55,,SE
2022-10-17 09:00:00,,142.98,,SE
2022-10-17 12:00:00,,139.99,,SE
2022-10-17 15:00:00,,138.13,,SE
2022-10-17 18:00:00,,133.17,,SE
2022-10-17 21:00:00,,128.51001,,SE
2022-10-18 00:00:00,,124.229996,,SE
2022-10-18 03:00:00,,123.55,,SE
2022-10-18 06:00:00,,126.520004,,SE
2022-10-18 09:00:00,,130.73,,SE
2022-10-18 12:00:00,,134.47,,SE
2022-10-18 15:00:00,,136.53,,SE
2022-10-18 18:00:00,,132.49,,SE
2022-10-18 21:00:00,,132.98,,SE
2022-10-19 00:00:00,,135.32,,SE
2022-10-19 03:00:00,,136.53,,SE
2022-10-19 06:00:00,,139.58,,SE
2022-10-19 09:00:00,,142.74,,SE
2022-10-19 12:00:00,,145.54001,,SE
2022-10-19 15:00:00,,146.22,,SE
2022-10-19 18:00:00,,144.24,,SE
2022-10-19 21:00:00,,139.82,,SE
2022-10-20 00:00:00,,142.18,,SE
2022-10-20 03:00:00,,138.89,,SE
2022-10-20 06:00:00,,139.26001,,SE
2022-10-20 09:00:00,,138.76001,,SE
2022-10-20 12:00:00,,134.59,,SE
2022-10-20 15:00:00,,126.56,,SE
2022-10-20 18:00:00,,113.49,,SE
2022-10-20 21:00:00,,111.47,,E
2022-10-21 00:00:00,,109.65,,E
2022-10-21 03:00:00,,108.19,,E
2022-10-21 06:00:00,,105.49,,E
2022-10-21 09:00:00,,104.91,,E
2022-10-21 12:00:00,,105.89,,E
2022-10-21 15:00:00,,102.17,,E
2022-10-21 18:00:00,,94.23,,E
2022-10-21 21:00:00,,91.01,,E
2022-10-22 00:00:00,,89.07,,E
2022-10-22 03:00:00,,87.700005,,E
2022-10-22 06:00:00,,87.880005,,E
2022-10-22 09:00:00,,87.07,,E
2022-10-22 12:00:00,,89.62,,E
2022-10-22 15:00:00,,87.76,,E
2022-10-22 18:00:00,,84.54,,E
2022-10-22 21:00:00,,85.79,,E
2022-10-23 00:00:00,,86.270004,,E
2022-10-23 03:00:00,,86.76,,E
2022-10-23 06:00:00,,89.71,,E
2022-10-23 09:00:00,,94.1,,E
2022-10-23 12:00:00,,99.1,,E
2022-10-23 15:00:00,,101.0,,E
2022-10-23 18:00:00,,102.78,,E
2022-10-23 21:00:00,,106.46,,E
2022-10-24 00:00:00,,107.89,,E
2022-10-24 03:00:00,,108.090004,,E
2022-10-24 06:00:00,,108.26,,E
2022-10-24 09:00:00,,106.42,,E
2022-10-24 12:00:00,,105.08,,E
2022-10-24 15:00:00,,103.01,,E
2022-10-24 18:00:00,,102.57,,E
2022-10-24 21:00:00,,103.12,,E
2022-10-25 00:00:00,,103.41,,E
2022-10-25 03:00:00,,103.91,,E
2022-10-25 06:00:00,,105.17,,E
2022-10-25 09:00:00,,110.090004,,E
2022-10-25 12:00:00,,118.31,,SE
2022-10-25 15:00:00,,126.14,,SE
2022-10-25 18:00:00,,130.18,,SE
2022-10-25 21:00:00,,138.94,,SE
2022-10-26 00:00:00,,145.27,,SE
2022-10-26 03:00:00,,153.13,,SE
2022-10-26 06:00:00,,156.29001,,SE
2022-10-26 09:00:00,,156.3,,SE
2022-10-26 12:00:00,,154.26,,SE
2022-10-26 15:00:00,,152.04001,,SE
2022-10-26 18:00:00,,149.99,,SE
2022-10-26 21:00:00,,144.66,,SE
2022-10-27 00:00:00,,144.24,,SE
2022-10-27 03:00:00,,143.05,,SE
2022-10-27 06:00:00,,145.53,,SE
2022-10-27 09:00:00,,144.98,,SE
2022-10-27 12:00:00,,144.22,,SE
2022-10-27 15:00:00,,141.92,,SE
2022-10-27 18:00:00,,128.33,,SE
2022-10-27 21:00:00,,118.68,,SE
2022-10-28 00:00:00,,113.22,,SE
2022-10-28 03:00:00,,107.630005,,E
2022-10-28 06:00:00,,101.91,,E
2022-10-28 09:00:00,,98.28,,E
2022-10-28 12:00:00,,100.19,,E
2022-10-28 15:00:00,,92.68,,E
2022-10-28 18:00:00,,77.23,,E
2022-10-28 21:00:00,,74.100006,,E
2022-10-29 00:00:00,,71.08,,E
2022-10-29 03:00:00,,71.23,,E
2022-10-29 06:00:00,,74.340004,,E
2022-10-29 09:00:00,,76.3,,E
2022-10-29 12:00:00,,76.58,,E
2022-10-29 15:00:00,,69.79,,E
2022-10-29 18:00:00,,62.630005,,NE
2022-10-29 21:00:00,,60.82,,NE
2022-10-30 00:00:00,,58.72,,NE
2022-10-30 03:00:00,,61.120003,,NE
2022-10-30 06:00:00,,66.44,,NE
2022-10-30 09:00:00,,70.350006,,E
2022-10-30 12:00:00,,71.37,,E
2022-10-30 15:00:00,,66.950005,,NE
2022-10-30 18:00:00,,61.090004,,NE
2022-10-30 21:00:00,,60.32,,NE
2022-10-31 00:00:00,,60.700005,,NE
2022-10-31 03:00:00,,61.120003,,NE
2022-10-31 06:00:00,,62.11,,NE
2022-10-31 09:00:00,,60.54,,NE
2022-10-31 12:00:00,,56.340004,,NE
2022-10-31 15:00:00,,53.090004,,NE
2022-10-31 18:00:00,,52.15,,NE
2022-10-31 21:00:00,,53.700005,,NE
2022-11-01 00:00:00,,56.18,,NE
2022-11-01 03:00:00,,59.4,,NE
2022-11-01 06:00:00,,63.310005,,NE
2022-11-01 09:00:00,,68.66,,E
2022-11-01 12:00:00,,75.82,,E
2022-11-01 15:00:00,,78.21,,E
2022-11-01 18:00:00,,78.57,,E
2022-11-01 21:00:00,,82.78,,E
2022-11-02 00:00:00,,92.6,,E
2022-11-02 03:00:00,,101.33,,E
2022-11-02 06:00:00,,123.740005,,SE
2022-11-02 09:00:00,,175.99,,S
2022-11-02 12:00:00,,182.01,,S
2022-11-02 15:00:00,,178.77,,S
2022-11-02 18:00:00,,176.27,,S
2022-11-02 21:00:00,,173.06,,S
2022-11-03 00:00:00,,170.69,,S
2022-11-03 03:00:00,,169.35,,S
2022-11-03 06:00:00,,168.61,,S
2022-11-03 09:00:00,,167.62,,S
2022-11-03 12:00:00,,166.7,,S
2022-11-03 15:00:00,,166.58,,S
2022-11-03 18:00:00,,166.17,,S
2022-11-03 21:00:00,,165.48,,S
2022-11-04 00:00:00,,164.69,,S
2022-11-04 03:00:00,,163.3,,S
2022-11-04 06:00:00,,161.92,,S
2022-11-04 09:00:00,,164.29,,S
2022-11-04 12:00:00,,165.2,,S
2022-11-04 15:00:00,,166.64,,S
2022-11-04 18:00:00,,167.65,,S
2022-11-04 21:00:00,,167.83,,S
2022-11-05 00:00:00,,166.57,,S
2022-11-05 03:00:00,,166.45,,S
2022-11-05 06:00:00,,168.11,,S
2022-11-05 09:00:00,,169.88,,S
2022-11-05 12:00:00,,171.33,,S
2022-11-05 15:00:00,,173.02,,S
2022-11-05 18:00:00,,172.83,,S
2022-11-05 21:00:00,,170.49,,S
2022-11-06 00:00:00,,166.66,,S
2022-11-06 03:00:00,,162.58,,S
2022-11-06 06:00:00,,158.27,,S
2022-11-06 09:00:00,,155.76,,SE
2022-11-06 12:00:00,,155.27,,SE
2022-11-06 15:00:00,,155.3,,SE
2022-11-06 18:00:00,,154.3,,SE
2022-11-06 21:00:00,,152.74,,SE
2022-11-07 00:00:00,,150.69,,SE
2022-11-07 03:00:00,,149.35,,SE
2022-11-07 06:00:00,,149.11,,SE
2022-11-07 09:00:00,,149.14,,SE
2022-11-07 12:00:00,,149.47,,SE
2022-11-07 15:00:00,,150.09,,SE
2022-11-07 18:00:00,,150.86,,SE
2022-11-07 21:00:00,,150.43,,SE
2022-11-08 00:00:00,,149.38,,SE
2022-11-08 03:00:00,,148.51,,SE
2022-11-08 06:00:00,,148.79001,,SE
2022-11-08 09:00:00,,149.99,,SE
2022-11-08 12:00:00,,150.7,,SE
2022-11-08 15:00:00,,151.28,,SE
2022-11-08 18:00:00,,151.16,,SE
2022-11-08 21:00:00,,158.66,,S
2022-11-09 00:00:00,,152.39,,SE
2022-11-09 03:00:00,,151.15,,SE
2022-11-09 06:00:00,,151.27,,SE
2022-11-09 09:00:00,,150.86,,SE
2022-11-09 12:00:00,,150.66,,SE
2022-11-09 15:00:00,,149.64,,SE
2022-11-09 18:00:00,,145.8,,SE
2022-11-09 21:00:00,,143.88,,SE
2022-11-10 00:00:00,,143.89,,SE
2022-11-10 03:00:00,,142.31,,SE
2022-11-10 06:00:00,,141.63,,SE
2022-11-10 09:00:00,,140.63,,SE
2022-11-10 12:00:00,,139.33,,SE
2022-11-10 15:00:00,,139.5,,SE
2022-11-10 18:00:00,,134.67,,SE
2022-11-10 21:00:00,,129.91,,SE
2022-11-11 00:00:00,,123.95,,SE
2022-11-11 03:00:00,,118.21001,,SE
2022-11-11 06:00:00,,115.68,,SE
2022-11-11 09:00:00,,113.520004,,SE
2022-11-11 12:00:00,,112.03,,E
2022-11-11 15:00:00,,107.83,,E
2022-11-11 18:00:00,,101.0,,E
2022-11-11 21:00:00,,100.16,,E
2022-11-12 00:00:00,,100.68,,E
2022-11-12 03:00:00,,100.92,,E
2022-11-12 06:00:00,,103.47,,E
2022-11-12 09:00:00,,107.14,,E
2022-11-12 12:00:00,,111.46,,E
2022-11-12 15:00:00,,112.9,,SE
2022-11-12 18:00:00,,104.240005,,E
2022-11-12 21:00:00,,95.51,,E
2022-11-13 00:00:00,,89.69,,E
2022-11-13 03:00:00,,86.33,,E
2022-11-13 06:00:00,,83.26,,E
2022-11-13 09:00:00,,84.15,,E
2022-11-13 12:00:00,,88.29,,E
2022-11-13 15:00:00,,82.770004,,E
2022-11-13 18:00:00,,70.78,,E
2022-11-13 21:00:00,,70.18,,E
2022-11-14 00:00:00,,71.76,,E
2022-11-14 03:00:00,,73.850006,,E
2022-11-14 06:00:00,,76.170006,,E
2022-11-14 09:00:00,,74.69,,E
2022-11-14 12:00:00,,69.8,,E
2022-11-14 15:00:00,,64.66,,NE
2022-11-14 18:00:00,,63.380005,,NE
2022-11-14 21:00:00,,65.920006,,NE
2022-11-15 00:00:00,,68.310005,,E
2022-11-15 03:00:00,,71.61,,E
2022-11-15 06:00:00,,75.100006,,E
2022-11-15 09:00:00,,76.05,,E
2022-11-15 12:00:00,,73.61,,E
2022-11-15 15:00:00,,72.39,,E
2022-11-15 18:00:00,,72.47,,E
2022-11-15 21:00:00,,72.44,,E
2022-11-16 00:00:00,,72.69,,E
2022-11-16 03:00:00,,73.23,,E
2022-11-16 06:00:00,,74.28,,E
2022-11-16 09:00:00,,76.060005,,E
2022-11-16 12:00:00,,78.810005,,E
2022-11-16 15:00:00,,81.520004,,E
2022-11-16 18:00:00,,84.23,,E
2022-11-16 21:00:00,,86.46,,E
2022-11-17 00:00:00,,88.58,,E
2022-11-17 03:00:00,,90.880005,,E
2022-11-17 06:00:00,,94.810005,,E
2022-11-17 09:00:00,,105.3,,E
2022-11-17 12:00:00,,154.1,,SE
2022-11-17 15:00:00,,177.44,,S
2022-11-17 18:00:00,,178.54,,S
2022-11-17 21:00:00,,178.78,,S
2022-11-18 00:00:00,,180.34,,S
2022-11-18 03:00:00,,183.02,,S
2022-11-18 06:00:00,,185.51,,S
2022-11-18 09:00:00,,185.08,,S
2022-11-18 12:00:00,,182.97,,S
2022-11-18 15:00:00,,180.25,,S
2022-11-18 18:00:00,,177.88,,S
2022-11-18 21:00:00,,174.72,,S
2022-11-19 00:00:00,,170.66,,S
2022-11-19 03:00:00,,168.09,,S
2022-11-19 06:00:00,,167.48,,S
2022-11-19 09:00:00,,167.98,,S
2022-11-19 12:00:00,,167.93,,S
2022-11-19 15:00:00,,166.37,,S
2022-11-19 18:00:00,,162.61,,S
2022-11-19 21:00:00,,159.1,,S
2022-11-20 00:00:00,,156.43,,SE
2022-11-20 03:00:00,,154.72,,SE
2022-11-20 06:00:00,,154.38,,SE
2022-11-20 09:00:00,,153.83,,SE
2022-11-20 12:00:00,,151.62,,SE
2022-11-20 15:00:00,,146.6,,SE
2022-11-20 18:00:00,,140.3,,SE
2022-11-20 21:00:00,,135.8,,SE
2022-11-21 00:00:00,,131.97,,SE
2022-11-21 03:00:00,,130.12,,SE
2022-11-21 06:00:00,,131.49,,SE
2022-11-21 09:00:00,,133.11,,SE
2022-11-21 12:00:00,,127.75,,SE
2022-11-21 15:00:00,,126.100006,,SE
2022-11-21 18:00:00,,124.770004,,SE
2022-11-21 21:00:00,,120.54,,SE
2022-11-22 00:00:00,,116.2,,SE
2022-11-22 03:00:00,,119.82,,SE
2022-11-22 06:00:00,,118.9,,SE
2022-11-22 09:00:00,,116.2,,SE
2022-11-22 12:00:00,,114.26,,SE
2022-11-22 15:00:00,,114.55,,SE
2022-11-22 18:00:00,,113.44,,SE
2022-11-22 21:00:00,,112.48,,E
2022-11-23 00:00:00,,110.630005,,E
2022-11-23 03:00:00,,112.99,,SE
2022-11-23 06:00:00,,115.43,,SE
2022-11-23 09:00:00,,117.05,,SE
2022-11-23 12:00:00,,117.44,,SE
2022-11-23 15:00:00,,116.03,,SE
2022-11-23 18:00:00,,111.700005,,E
2022-11-23 21:00:00,,109.19,,E
2022-11-24 00:00:00,,108.090004,,E
2022-11-24 03:00:00,,107.19,,E
2022-11-24 06:00:00,,106.43,,E
2022-11-24 09:00:00,,103.520004,,E
2022-11-24 12:00:00,,96.200005,,E
2022-11-24 15:00:00,,93.85,,E
2022-11-24 18:00:00,,89.82,,E
2022-11-24 21:00:00,,84.22,,E
2022-11-25 00:00:00,,80.4,,E
2022-11-25 03:00:00,,79.950005,,E
2022-11-25 06:00:00,,80.450005,,E
2022-11-25 09:00:00,,81.76,,E
2022-11-25 12:00:00,,84.65,,E
2022-11-25 15:00:00,,86.020004,,E
2022-11-25 18:00:00,,85.170006,,E
2022-11-25 21:00:00,,83.89,,E
2022-11-26 00:00:00,,87.18,,E
2022-11-26 03:00:00,,89.58,,E
2022-11-26 06:00:00,,90.83,,E
2022-11-26 09:00:00,,94.44,,E
2022-11-26 12:00:00,,100.23,,E
2022-11-26 15:00:00,,105.700005,,E
2022-11-26 18:00:00,,105.840004,,E
2022-11-26 21:00:00,,104.35,,E
2022-11-27 00:00:00,,101.950005,,E
2022-11-27 03:00:00,,100.6,,E
2022-11-27 06:00:00,,98.85,,E
2022-11-27 09:00:00,,96.770004,,E
2022-11-27 12:00:00,,95.29,,E
2022-11-27 15:00:00,,92.490005,,E
2022-11-27 18:00:00,,91.490005,,E
2022-11-27 21:00:00,,92.98,,E
2022-11-28 00:00:00,,91.880005,,E
2022-11-28 03:00:00,,95.07,,E
2022-11-28 06:00:00,,96.66,,E
2022-11-28 09:00:00,,96.21,,E
2022-11-28 12:00:00,,96.490005,,E
2022-11-28 15:00:00,,97.65,,E
2022-11-28 18:00:00,,97.58,,E
2022-11-28 21:00:00,,96.48,,E
2022-11-29 00:00:00,,94.79,,E
2022-11-29 03:00:00,,93.270004,,E
2022-11-29 06:00:00,,94.880005,,E
2022-11-29 09:00:00,,96.75,,E
2022-11-29 12:00:00,,96.05,,E
2022-11-29 15:00:00,,94.92,,E
2022-11-29 18:00:00,,94.9,,E
2022-11-29 21:00:00,,94.6,,E
2022-11-30 00:00:00,,93.68,,E
2022-11-30 03:00:00,,94.48,,E
2022-11-30 06:00:00,,95.6,,E
2022-11-30 09:00:00,,94.97,,E
2022-11-30 12:00:00,,97.43,,E
2022-11-30 15:00:00,,99.770004,,E
2022-11-30 18:00:00,,99.21,,E
2022-11-30 21:00:00,,97.29,,E
2022-12-01 00:00:00,,96.060005,,E
2022-12-01 03:00:00,,94.75,,E
2022-12-01 06:00:00,,94.55,,E
2022-12-01 09:00:00,,93.61,,E
2022-12-01 12:00:00,,91.880005,,E
2022-12-01 15:00:00,,91.23,,E
2022-12-01 18:00:00,,91.08,,E
2022-12-01 21:00:00,,89.32,,E
2022-12-02 00:00:00,,86.270004,,E
2022-12-02 03:00:00,,83.740005,,E
2022-12-02 06:00:00,,82.670006,,E
2022-12-02 09:00:00,,85.66,,E
2022-12-02 12:00:00,,88.14,,E
2022-12-02 15:00:00,,89.41,,E
2022-12-02 18:00:00,,90.700005,,E
2022-12-02 21:00:00,,91.9,,E
2022-12-03 00:00:00,,92.83,,E
2022-12-03 03:00:00,,94.23,,E
2022-12-03 06:00:00,,95.310005,,E
2022-12-03 09:00:00,,96.3,,E
2022-12-03 12:00:00,,97.41,,E
2022-12-03 15:00:00,,98.380005,,E
2022-12-03 18:00:00,,98.58,,E
2022-12-03 21:00:00,,98.96,,E
2022-12-04 00:00:00,,99.01,,E
2022-12-04 03:00:00,,99.26,,E
2022-12-04 06:00:00,,99.560005,,E
2022-12-04 09:00:00,,98.97,,E
2022-12-04 12:00:00,,97.97,,E
2022-12-04 15:00:00,,96.130005,,E
2022-12-04 18:00:00,,94.9,,E
2022-12-04 21:00:00,,94.08,,E
2022-12-05 00:00:00,,94.270004,,E
2022-12-05 03:00:00,,93.590004,,E
2022-12-05 06:00:00,,94.55,,E
2022-12-05 09:00:00,,95.37,,E
2022-12-05 12:00:00,,95.57,,E
2022-12-05 15:00:00,,94.990005,,E
2022-12-05 18:00:00,,93.9,,E
2022-12-05 21:00:00,,93.62,,E
2022-12-06 00:00:00,,93.18,,E
2022-12-06 03:00:00,,92.840004,,E
2022-12-06 06:00:00,,93.26,,E
2022-12-06 09:00:00,,92.79,,E
2022-12-06 12:00:00,,91.83,,E
2022-12-06 15:00:00,,91.53,,E
2022-12-06 18:00:00,,91.92,,E
2022-12-06 21:00:00,,92.18,,E
2022-12-07 00:00:00,,91.990005,,E
2022-12-07 03:00:00,,91.53,,E
2022-12-07 06:00:00,,91.200005,,E
2022-12-07 09:00:00,,91.94,,E
2022-12-07 12:00:00,,91.66,,E
2022-12-07 15:00:00,,92.44,,E
2022-12-07 18:00:00,,92.89,,E
2022-12-07 21:00:00,,93.53,,E
2022-12-08 00:00:00,,92.880005,,E
2022-12-08 03:00:00,,91.94,,E
2022-12-08 06:00:00,,89.98,,E
2022-12-08 09:00:00,,88.590004,,E
2022-12-08 12:00:00,,87.18,,E
2022-12-08 15:00:00,,87.21,,E
2022-12-08 18:00:00,,87.11,,E
2022-12-08 21:00:00,,86.920006,,E
2022-12-09 00:00:00,,87.46,,E
2022-12-09 03:00:00,,88.85,,E
2022-12-09 06:00:00,,91.62,,E
2022-12-09 09:00:00,,90.98,,E
2022-12-09 12:00:00,,92.380005,,E
2022-12-09 15:00:00,,87.16,,E
2022-12-09 18:00:00,,76.57,,E
2022-12-09 21:00:00,,72.61,,E
2022-12-10 00:00:00,,72.82,,E
2022-12-10 03:00:00,,73.5,,E
2022-12-10 06:00:00,,73.420006,,E
2022-12-10 09:00:00,,73.08,,E
2022-12-10 12:00:00,,73.560005,,E
2022-12-10 15:00:00,,74.51,,E
2022-12-10 18:00:00,,67.16,,NE
2022-12-10 21:00:00,,66.810005,,NE
2022-12-11 00:00:00,,73.8,,E
2022-12-11 03:00:00,,76.98,,E
2022-12-11 06:00:00,,75.91,,E
2022-12-11 09:00:00,,70.23,,E
2022-12-11 12:00:00,,67.48,,NE
2022-12-11 15:00:00,,62.700005,,NE
2022-12-11 18:00:00,,59.550003,,NE
2022-12-11 21:00:00,,58.57,,NE
2022-12-12 00:00:00,,57.520004,,NE
2022-12-12 03:00:00,,57.33,,NE
2022-12-12 06:00:00,,60.270004,,NE
2022-12-12 09:00:00,,61.490005,,NE
2022-12-12 12:00:00,,60.770004,,NE
2022-12-12 15:00:00,,56.940002,,NE
2022-12-12 18:00:00,,51.800003,,NE
2022-12-12 21:00:00,,49.01001,,NE
2022-12-13 00:00:00,,47.130005,,NE
2022-12-13 03:00:00,,49.89,,NE
2022-12-13 06:00:00,,55.550003,,NE
2022-12-13 09:00:00,,55.130005,,NE
2022-12-13 12:00:00,,48.910004,,NE
2022-12-13 15:00:00,,47.100006,,NE
2022-12-13 18:00:00,,49.949997,,NE
2022-12-13 21:00:00,,53.170006,,NE
2022-12-14 00:00:00,,55.520004,,NE
2022-12-14 03:00:00,,58.590004,,NE
2022-12-14 06:00:00,,178.86,,S
2022-12-14 09:00:00,,186.01,,S
2022-12-14 12:00:00,,181.62,,S
2022-12-14 15:00:00,,178.33,,S
2022-12-14 18:00:00,,174.89,,S
2022-12-14 21:00:00,,172.0,,S
2022-12-15 00:00:00,,169.44,,S
2022-12-15 03:00:00,,167.26,,S
2022-12-15 06:00:00,,167.09,,S
2022-12-15 09:00:00,,167.01,,S
2022-12-15 12:00:00,,166.83,,S
2022-12-15 15:00:00,,166.19,,S
2022-12-15 18:00:00,,165.35,,S
2022-12-15 21:00:00,,164.18,,S
2022-12-16 00:00:00,,163.02,,S
2022-12-16 03:00:00,,161.91,,S
2022-12-16 06:00:00,,161.02,,S
2022-12-16 09:00:00,,161.25,,S
2022-12-16 12:00:00,,159.93,,S
2022-12-16 15:00:00,,157.56,,S
2022-12-16 18:00:00,,152.49,,SE
2022-12-16 21:00:00,,149.55,,SE
2022-12-17 00:00:00,,147.20999,,SE
2022-12-17 03:00:00,,145.99,,SE
2022-12-17 06:00:00,,145.01001,,SE
2022-12-17 09:00:00,,142.77,,SE
2022-12-17 12:00:00,,139.62,,SE
2022-12-17 15:00:00,,133.67,,SE
2022-12-17 18:00:00,,118.51,,SE
2022-12-17 21:00:00,,114.92,,SE
2022-12-18 00:00:00,,124.479996,,SE
2022-12-18 03:00:00,,125.62,,SE
2022-12-18 06:00:00,,124.8,,SE
2022-12-18 09:00:00,,124.16,,SE
2022-12-18 12:00:00,,124.490005,,SE
2022-12-18 15:00:00,,126.34,,SE
2022-12-18 18:00:00,,128.28,,SE
2022-12-18 21:00:00,,130.21,,SE
2022-12-19 00:00:00,,131.17,,SE
2022-12-19 03:00:00,,132.12,,SE
2022-12-19 06:00:00,,140.81,,SE
2022-12-19 09:00:00,,154.29001,,SE
2022-12-19 12:00:00,,161.4,,S
2022-12-19 15:00:00,,164.24,,S
2022-12-19 18:00:00,,163.99,,S
2022-12-19 21:00:00,,161.52,,S
2022-12-20 00:00:00,,159.76,,S
2022-12-20 03:00:00,,159.87,,S
2022-12-20 06:00:00,,157.92,,S
2022-12-20 09:00:00,,153.85,,SE
2022-12-20 12:00:00,,150.42,,SE
2022-12-20 15:00:00,,145.87,,SE
2022-12-20 18:00:00,,137.78,,SE
2022-12-20 21:00:00,,132.95,,SE
2022-12-21 00:00:00,,131.45,,SE
2022-12-21 03:00:00,,126.78,,SE
2022-12-21 06:00:00,,118.25,,SE
2022-12-21 09:00:00,,121.81,,SE
2022-12-21 12:00:00,,117.770004,,SE
2022-12-21 15:00:00,,124.7,,SE
2022-12-21 18:00:00,,132.81,,SE
2022-12-21 21:00:00,,138.11,,SE
2022-12-22 00:00:00,,143.01001,,SE
2022-12-22 03:00:00,,149.42,,SE
2022-12-22 06:00:00,,161.47,,S
2022-12-22 09:00:00,,166.77,,S
2022-12-22 12:00:00,,166.95,,S
2022-12-22 15:00:00,,164.93,,S
2022-12-22 18:00:00,,162.57,,S
2022-12-22 21:00:00,,160.75,,S
2022-12-23 00:00:00,,159.07,,S
2022-12-23 03:00:00,,158.13,,S
2022-12-23 06:00:00,,157.57,,S
2022-12-23 09:00:00,,156.86,,SE
2022-12-23 12:00:00,,155.73,,SE
2022-12-23 15:00:00,,153.77,,SE
2022-12-23 18:00:00,,152.49,,SE
2022-12-23 21:00:00,,152.03,,SE
2022-12-24 00:00:00,,151.92,,SE
2022-12-24 03:00:00,,151.17,,SE
2022-12-24 06:00:00,,150.84,,SE
2022-12-24 09:00:00,,150.92,,SE
2022-12-24 12:00:00,,150.99,,SE
2022-12-24 15:00:00,,151.14,,SE
2022-12-24 18:00:00,,150.66,,SE
2022-12-24 21:00:00,,148.67,,SE
2022-12-25 00:00:00,,145.99,,SE
2022-12-25 03:00:00,,143.98,,SE
2022-12-25 06:00:00,,142.66,,SE
2022-12-25 09:00:00,,141.95999,,SE
2022-12-25 12:00:00,,140.6,,SE
2022-12-25 15:00:00,,139.05,,SE
2022-12-25 18:00:00,,137.57,,SE
2022-12-25 21:00:00,,136.08,,SE
2022-12-26 00:00:00,,133.69,,SE
2022-12-26 03:00:00,,129.44,,SE
2022-12-26 06:00:00,,125.66,,SE
2022-12-26 09:00:00,,122.57,,SE
2022-12-26 12:00:00,,126.4,,SE
2022-12-26 15:00:00,,123.32,,SE
2022-12-26 18:00:00,,116.14,,SE
2022-12-26 21:00:00,,114.08,,SE
2022-12-27 00:00:00,,114.66,,SE
2022-12-27 03:00:00,,114.880005,,SE
2022-12-27 06:00:00,,114.270004,,SE
2022-12-27 09:00:00,,113.29,,SE
2022-12-27 12:00:00,,112.78,,SE
2022-12-27 15:00:00,,113.79,,SE
2022-12-27 18:00:00,,111.840004,,E
2022-12-27 21:00:00,,110.8,,E
2022-12-28 00:00:00,,109.090004,,E
2022-12-28 03:00:00,,108.22,,E
2022-12-28 06:00:00,,106.99,,E
2022-12-28 09:00:00,,104.19,,E
2022-12-28 12:00:00,,100.57,,E
2022-12-28 15:00:00,,93.36,,E
2022-12-28 18:00:00,,84.310005,,E
2022-12-28 21:00:00,,82.170006,,E
2022-12-29 00:00:00,,81.47,,E
2022-12-29 03:00:00,,82.060005,,E
2022-12-29 06:00:00,,81.79,,E
2022-12-29 09:00:00,,80.3,,E
2022-12-29 12:00:00,,77.130005,,E
2022-12-29 15:00:00,,72.86,,E
2022-12-29 18:00:00,,71.060005,,E
2022-12-29 21:00:00,,71.82,,E
2022-12-30 00:00:00,,72.740005,,E
2022-12-30 03:00:00,,74.76,,E
2022-12-30 06:00:00,,76.64,,E
2022-12-30 09:00:00,,79.03,,E
2022-12-30 12:00:00,,83.450005,,E
2022-12-30 15:00:00,,86.37,,E
2022-12-30 18:00:00,,84.41,,E
2022-12-30 21:00:00,,86.98,,E
2022-12-31 00:00:00,,90.05,,E
2022-12-31 03:00:00,,94.310005,,E
2022-12-31 06:00:00,,98.69,,E
2022-12-31 09:00:00,,102.73,,E
2022-12-31 12:00:00,,105.4,,E
2022-12-31 15:00:00,,106.72,,E
2022-12-31 18:00:00,,103.26,,E
2022-12-31 21:00:00,,101.9,,E
